[debug] [2026-04-28T16:09:44.503Z] [Firebase Plugin] Activating Firebase extension.
[debug] [2026-04-28T16:09:54.169Z] [Firebase Plugin] requireAuthWrapper
[debug] [2026-04-28T16:09:54.176Z] > command requires scopes: ["email","openid","https://www.googleapis.com/auth/cloudplatformprojects.readonly","https://www.googleapis.com/auth/firebase","https://www.googleapis.com/auth/cloud-platform"]
[debug] [2026-04-28T16:09:54.177Z] > authorizing via signed-in user (rudra.patel12.10.2006@gmail.com)
[debug] [2026-04-28T16:09:54.188Z] Checked if tokens are valid: false, expires at: 1777231941953
[debug] [2026-04-28T16:09:54.188Z] Checked if tokens are valid: false, expires at: 1777231941953
[debug] [2026-04-28T16:09:54.189Z] > refreshing access token with scopes: []
[debug] [2026-04-28T16:09:54.196Z] >>> [apiv2][query] POST https://www.googleapis.com/oauth2/v3/token [none]
[debug] [2026-04-28T16:09:54.196Z] >>> [apiv2][body] POST https://www.googleapis.com/oauth2/v3/token [omitted]
[debug] [2026-04-28T16:09:54.217Z] [Firebase Plugin] VSCode notification server listening on port 40001
[info] [Firebase Plugin] Starting SQL Connect toolkit (version 3.4.5) on port 50001
[debug] [2026-04-28T16:09:56.297Z] 'fdc build' failed with error: Unable to build your SQL Connect schema and connectors (exit code 1): E0428 21:39:56.262867   75296 cmd.go:43] Error loading data connect config: could not find dataconnect.yaml in `c:\Users\ARCHANA PATEL\Desktop\doc clustering new 5\dataconnect`
 {"metadata":{"emulator":{"name":"dataconnect"},"message":"'fdc build' failed with error: Unable to build your SQL Connect schema and connectors (exit code 1): E0428 21:39:56.262867   75296 cmd.go:43] Error loading data connect config: could not find dataconnect.yaml in `c:\\Users\\ARCHANA PATEL\\Desktop\\doc clustering new 5\\dataconnect`\n"}}
[debug] [2026-04-28T16:09:56.298Z] Ignoring unsupported arg: auto_download {"metadata":{"emulator":{"name":"dataconnect"},"message":"Ignoring unsupported arg: auto_download"}}
[debug] [2026-04-28T16:09:56.299Z] Ignoring unsupported arg: port {"metadata":{"emulator":{"name":"dataconnect"},"message":"Ignoring unsupported arg: port"}}
[debug] [2026-04-28T16:09:56.299Z] Starting SQL Connect Emulator with command {"binary":"C:\\Users\\ARCHANA PATEL\\.cache\\firebase\\emulators\\dataconnect-emulator-3.4.5.exe","args":["--logtostderr","-v=2","dev","--listen=localhost:50001","--config_dir=c:\\Users\\ARCHANA PATEL\\Desktop\\doc clustering new 5\\dataconnect","--enable_output_schema_extensions=true","--enable_output_generated_sdk=true"],"optionalArgs":["listen","config_dir","enable_output_schema_extensions","enable_output_generated_sdk"],"joinArgs":true,"shell":false,"port":9399} {"metadata":{"emulator":{"name":"dataconnect"},"message":"Starting SQL Connect Emulator with command {\"binary\":\"C:\\\\Users\\\\ARCHANA PATEL\\\\.cache\\\\firebase\\\\emulators\\\\dataconnect-emulator-3.4.5.exe\",\"args\":[\"--logtostderr\",\"-v=2\",\"dev\",\"--listen=localhost:50001\",\"--config_dir=c:\\\\Users\\\\ARCHANA PATEL\\\\Desktop\\\\doc clustering new 5\\\\dataconnect\",\"--enable_output_schema_extensions=true\",\"--enable_output_generated_sdk=true\"],\"optionalArgs\":[\"listen\",\"config_dir\",\"enable_output_schema_extensions\",\"enable_output_generated_sdk\"],\"joinArgs\":true,\"shell\":false,\"port\":9399}"}}
[info] i  dataconnect: SQL Connect Emulator logging to dataconnect-debug.log {"metadata":{"emulator":{"name":"dataconnect"},"message":"SQL Connect Emulator logging to \u001b[1mdataconnect-debug.log\u001b[22m"}}
[debug] [2026-04-28T16:09:56.524Z] E0428 21:39:56.478772   25764 dev.go:83] Failed to load initial config from "c:\\Users\\ARCHANA PATEL\\Desktop\\doc clustering new 5\\dataconnect": could not find dataconnect.yaml in `c:\Users\ARCHANA PATEL\Desktop\doc clustering new 5\dataconnect`
E0428 21:39:56.483070   25764 watch.go:116] watchAllDir unable to walk dir `c:\Users\ARCHANA PATEL\Desktop\doc clustering new 5\dataconnect`: GetFileAttributesEx c:\Users\ARCHANA PATEL\Desktop\doc clustering new 5\dataconnect: The system cannot find the file specified.
I0428 21:39:56.523528   25764 dev.go:104] Listening on address (HTTP + gRPC): 127.0.0.1:50001
 {"metadata":{"emulator":{"name":"dataconnect"},"message":"E0428 21:39:56.478772   25764 dev.go:83] Failed to load initial config from \"c:\\\\Users\\\\ARCHANA PATEL\\\\Desktop\\\\doc clustering new 5\\\\dataconnect\": could not find dataconnect.yaml in `c:\\Users\\ARCHANA PATEL\\Desktop\\doc clustering new 5\\dataconnect`\nE0428 21:39:56.483070   25764 watch.go:116] watchAllDir unable to walk dir `c:\\Users\\ARCHANA PATEL\\Desktop\\doc clustering new 5\\dataconnect`: GetFileAttributesEx c:\\Users\\ARCHANA PATEL\\Desktop\\doc clustering new 5\\dataconnect: The system cannot find the file specified.\nI0428 21:39:56.523528   25764 dev.go:104] Listening on address (HTTP + gRPC): 127.0.0.1:50001\n"}}
[debug] [2026-04-28T16:09:56.543Z] <<< [apiv2][status] POST https://www.googleapis.com/oauth2/v3/token 200
[debug] [2026-04-28T16:09:56.544Z] <<< [apiv2][body] POST https://www.googleapis.com/oauth2/v3/token [omitted]
[debug] [2026-04-28T16:09:56.563Z] [Firebase Plugin] User found:  rudra.patel12.10.2006@gmail.com
[info] [Firebase Plugin] (Core:Project) New user detected, fetching projects
[debug] [2026-04-28T16:09:56.564Z] Checked if tokens are valid: true, expires at: 1777396195544
[debug] [2026-04-28T16:09:56.565Z] >>> [apiv2][query] GET https://firebase.googleapis.com/v1beta1/projects pageSize=1000
[error] [Firebase Plugin] error:  {}
[debug] [2026-04-28T16:09:57.527Z] <<< [apiv2][status] GET https://firebase.googleapis.com/v1beta1/projects 200
[debug] [2026-04-28T16:09:57.527Z] <<< [apiv2][body] GET https://firebase.googleapis.com/v1beta1/projects [omitted]
[debug] [2026-04-28T16:10:06.487Z] E0428 21:40:06.487653   25764 watch.go:40] Failed to load config from "c:\\Users\\ARCHANA PATEL\\Desktop\\doc clustering new 5\\dataconnect": could not find dataconnect.yaml in `c:\Users\ARCHANA PATEL\Desktop\doc clustering new 5\dataconnect`
 {"metadata":{"emulator":{"name":"dataconnect"},"message":"E0428 21:40:06.487653   25764 watch.go:40] Failed to load config from \"c:\\\\Users\\\\ARCHANA PATEL\\\\Desktop\\\\doc clustering new 5\\\\dataconnect\": could not find dataconnect.yaml in `c:\\Users\\ARCHANA PATEL\\Desktop\\doc clustering new 5\\dataconnect`\n"}}
[debug] [2026-04-28T16:10:16.486Z] E0428 21:40:16.487523   25764 watch.go:40] Failed to load config from "c:\\Users\\ARCHANA PATEL\\Desktop\\doc clustering new 5\\dataconnect": could not find dataconnect.yaml in `c:\Users\ARCHANA PATEL\Desktop\doc clustering new 5\dataconnect`
 {"metadata":{"emulator":{"name":"dataconnect"},"message":"E0428 21:40:16.487523   25764 watch.go:40] Failed to load config from \"c:\\\\Users\\\\ARCHANA PATEL\\\\Desktop\\\\doc clustering new 5\\\\dataconnect\": could not find dataconnect.yaml in `c:\\Users\\ARCHANA PATEL\\Desktop\\doc clustering new 5\\dataconnect`\n"}}
[debug] [2026-04-28T16:10:26.487Z] E0428 21:40:26.488244   25764 watch.go:40] Failed to load config from "c:\\Users\\ARCHANA PATEL\\Desktop\\doc clustering new 5\\dataconnect": could not find dataconnect.yaml in `c:\Users\ARCHANA PATEL\Desktop\doc clustering new 5\dataconnect`
 {"metadata":{"emulator":{"name":"dataconnect"},"message":"E0428 21:40:26.488244   25764 watch.go:40] Failed to load config from \"c:\\\\Users\\\\ARCHANA PATEL\\\\Desktop\\\\doc clustering new 5\\\\dataconnect\": could not find dataconnect.yaml in `c:\\Users\\ARCHANA PATEL\\Desktop\\doc clustering new 5\\dataconnect`\n"}}
[debug] [2026-04-28T16:10:36.487Z] E0428 21:40:36.487761   25764 watch.go:40] Failed to load config from "c:\\Users\\ARCHANA PATEL\\Desktop\\doc clustering new 5\\dataconnect": could not find dataconnect.yaml in `c:\Users\ARCHANA PATEL\Desktop\doc clustering new 5\dataconnect`
 {"metadata":{"emulator":{"name":"dataconnect"},"message":"E0428 21:40:36.487761   25764 watch.go:40] Failed to load config from \"c:\\\\Users\\\\ARCHANA PATEL\\\\Desktop\\\\doc clustering new 5\\\\dataconnect\": could not find dataconnect.yaml in `c:\\Users\\ARCHANA PATEL\\Desktop\\doc clustering new 5\\dataconnect`\n"}}
[debug] [2026-04-28T16:10:46.487Z] E0428 21:40:46.487602   25764 watch.go:40] Failed to load config from "c:\\Users\\ARCHANA PATEL\\Desktop\\doc clustering new 5\\dataconnect": could not find dataconnect.yaml in `c:\Users\ARCHANA PATEL\Desktop\doc clustering new 5\dataconnect`
 {"metadata":{"emulator":{"name":"dataconnect"},"message":"E0428 21:40:46.487602   25764 watch.go:40] Failed to load config from \"c:\\\\Users\\\\ARCHANA PATEL\\\\Desktop\\\\doc clustering new 5\\\\dataconnect\": could not find dataconnect.yaml in `c:\\Users\\ARCHANA PATEL\\Desktop\\doc clustering new 5\\dataconnect`\n"}}
[debug] [2026-04-28T16:10:56.487Z] E0428 21:40:56.487558   25764 watch.go:40] Failed to load config from "c:\\Users\\ARCHANA PATEL\\Desktop\\doc clustering new 5\\dataconnect": could not find dataconnect.yaml in `c:\Users\ARCHANA PATEL\Desktop\doc clustering new 5\dataconnect`
E0428 21:40:56.488089   25764 watch.go:116] watchAllDir unable to walk dir `c:\Users\ARCHANA PATEL\Desktop\doc clustering new 5\dataconnect`: GetFileAttributesEx c:\Users\ARCHANA PATEL\Desktop\doc clustering new 5\dataconnect: The system cannot find the file specified.
 {"metadata":{"emulator":{"name":"dataconnect"},"message":"E0428 21:40:56.487558   25764 watch.go:40] Failed to load config from \"c:\\\\Users\\\\ARCHANA PATEL\\\\Desktop\\\\doc clustering new 5\\\\dataconnect\": could not find dataconnect.yaml in `c:\\Users\\ARCHANA PATEL\\Desktop\\doc clustering new 5\\dataconnect`\nE0428 21:40:56.488089   25764 watch.go:116] watchAllDir unable to walk dir `c:\\Users\\ARCHANA PATEL\\Desktop\\doc clustering new 5\\dataconnect`: GetFileAttributesEx c:\\Users\\ARCHANA PATEL\\Desktop\\doc clustering new 5\\dataconnect: The system cannot find the file specified.\n"}}
[debug] [2026-04-28T16:11:06.488Z] E0428 21:41:06.488448   25764 watch.go:40] Failed to load config from "c:\\Users\\ARCHANA PATEL\\Desktop\\doc clustering new 5\\dataconnect": could not find dataconnect.yaml in `c:\Users\ARCHANA PATEL\Desktop\doc clustering new 5\dataconnect`
 {"metadata":{"emulator":{"name":"dataconnect"},"message":"E0428 21:41:06.488448   25764 watch.go:40] Failed to load config from \"c:\\\\Users\\\\ARCHANA PATEL\\\\Desktop\\\\doc clustering new 5\\\\dataconnect\": could not find dataconnect.yaml in `c:\\Users\\ARCHANA PATEL\\Desktop\\doc clustering new 5\\dataconnect`\n"}}
[debug] [2026-04-28T16:11:16.487Z] E0428 21:41:16.488259   25764 watch.go:40] Failed to load config from "c:\\Users\\ARCHANA PATEL\\Desktop\\doc clustering new 5\\dataconnect": could not find dataconnect.yaml in `c:\Users\ARCHANA PATEL\Desktop\doc clustering new 5\dataconnect`
 {"metadata":{"emulator":{"name":"dataconnect"},"message":"E0428 21:41:16.488259   25764 watch.go:40] Failed to load config from \"c:\\\\Users\\\\ARCHANA PATEL\\\\Desktop\\\\doc clustering new 5\\\\dataconnect\": could not find dataconnect.yaml in `c:\\Users\\ARCHANA PATEL\\Desktop\\doc clustering new 5\\dataconnect`\n"}}
[debug] [2026-04-28T16:11:26.487Z] E0428 21:41:26.487441   25764 watch.go:40] Failed to load config from "c:\\Users\\ARCHANA PATEL\\Desktop\\doc clustering new 5\\dataconnect": could not find dataconnect.yaml in `c:\Users\ARCHANA PATEL\Desktop\doc clustering new 5\dataconnect`
 {"metadata":{"emulator":{"name":"dataconnect"},"message":"E0428 21:41:26.487441   25764 watch.go:40] Failed to load config from \"c:\\\\Users\\\\ARCHANA PATEL\\\\Desktop\\\\doc clustering new 5\\\\dataconnect\": could not find dataconnect.yaml in `c:\\Users\\ARCHANA PATEL\\Desktop\\doc clustering new 5\\dataconnect`\n"}}
[debug] [2026-04-28T16:11:36.487Z] E0428 21:41:36.487515   25764 watch.go:40] Failed to load config from "c:\\Users\\ARCHANA PATEL\\Desktop\\doc clustering new 5\\dataconnect": could not find dataconnect.yaml in `c:\Users\ARCHANA PATEL\Desktop\doc clustering new 5\dataconnect`
 {"metadata":{"emulator":{"name":"dataconnect"},"message":"E0428 21:41:36.487515   25764 watch.go:40] Failed to load config from \"c:\\\\Users\\\\ARCHANA PATEL\\\\Desktop\\\\doc clustering new 5\\\\dataconnect\": could not find dataconnect.yaml in `c:\\Users\\ARCHANA PATEL\\Desktop\\doc clustering new 5\\dataconnect`\n"}}
[debug] [2026-04-28T16:11:46.487Z] E0428 21:41:46.487557   25764 watch.go:40] Failed to load config from "c:\\Users\\ARCHANA PATEL\\Desktop\\doc clustering new 5\\dataconnect": could not find dataconnect.yaml in `c:\Users\ARCHANA PATEL\Desktop\doc clustering new 5\dataconnect`
 {"metadata":{"emulator":{"name":"dataconnect"},"message":"E0428 21:41:46.487557   25764 watch.go:40] Failed to load config from \"c:\\\\Users\\\\ARCHANA PATEL\\\\Desktop\\\\doc clustering new 5\\\\dataconnect\": could not find dataconnect.yaml in `c:\\Users\\ARCHANA PATEL\\Desktop\\doc clustering new 5\\dataconnect`\n"}}
[debug] [2026-04-28T16:11:56.490Z] E0428 21:41:56.490219   25764 watch.go:40] Failed to load config from "c:\\Users\\ARCHANA PATEL\\Desktop\\doc clustering new 5\\dataconnect": could not find dataconnect.yaml in `c:\Users\ARCHANA PATEL\Desktop\doc clustering new 5\dataconnect`
 {"metadata":{"emulator":{"name":"dataconnect"},"message":"E0428 21:41:56.490219   25764 watch.go:40] Failed to load config from \"c:\\\\Users\\\\ARCHANA PATEL\\\\Desktop\\\\doc clustering new 5\\\\dataconnect\": could not find dataconnect.yaml in `c:\\Users\\ARCHANA PATEL\\Desktop\\doc clustering new 5\\dataconnect`\n"}}
[debug] [2026-04-28T16:11:56.491Z] E0428 21:41:56.487690   25764 watch.go:116] watchAllDir unable to walk dir `c:\Users\ARCHANA PATEL\Desktop\doc clustering new 5\dataconnect`: GetFileAttributesEx c:\Users\ARCHANA PATEL\Desktop\doc clustering new 5\dataconnect: The system cannot find the file specified.
 {"metadata":{"emulator":{"name":"dataconnect"},"message":"E0428 21:41:56.487690   25764 watch.go:116] watchAllDir unable to walk dir `c:\\Users\\ARCHANA PATEL\\Desktop\\doc clustering new 5\\dataconnect`: GetFileAttributesEx c:\\Users\\ARCHANA PATEL\\Desktop\\doc clustering new 5\\dataconnect: The system cannot find the file specified.\n"}}
[debug] [2026-04-28T16:12:06.488Z] E0428 21:42:06.488636   25764 watch.go:40] Failed to load config from "c:\\Users\\ARCHANA PATEL\\Desktop\\doc clustering new 5\\dataconnect": could not find dataconnect.yaml in `c:\Users\ARCHANA PATEL\Desktop\doc clustering new 5\dataconnect`
 {"metadata":{"emulator":{"name":"dataconnect"},"message":"E0428 21:42:06.488636   25764 watch.go:40] Failed to load config from \"c:\\\\Users\\\\ARCHANA PATEL\\\\Desktop\\\\doc clustering new 5\\\\dataconnect\": could not find dataconnect.yaml in `c:\\Users\\ARCHANA PATEL\\Desktop\\doc clustering new 5\\dataconnect`\n"}}
[debug] [2026-04-28T16:12:16.490Z] E0428 21:42:16.489979   25764 watch.go:40] Failed to load config from "c:\\Users\\ARCHANA PATEL\\Desktop\\doc clustering new 5\\dataconnect": could not find dataconnect.yaml in `c:\Users\ARCHANA PATEL\Desktop\doc clustering new 5\dataconnect`
 {"metadata":{"emulator":{"name":"dataconnect"},"message":"E0428 21:42:16.489979   25764 watch.go:40] Failed to load config from \"c:\\\\Users\\\\ARCHANA PATEL\\\\Desktop\\\\doc clustering new 5\\\\dataconnect\": could not find dataconnect.yaml in `c:\\Users\\ARCHANA PATEL\\Desktop\\doc clustering new 5\\dataconnect`\n"}}
[debug] [2026-04-28T16:12:26.487Z] E0428 21:42:26.487636   25764 watch.go:40] Failed to load config from "c:\\Users\\ARCHANA PATEL\\Desktop\\doc clustering new 5\\dataconnect": could not find dataconnect.yaml in `c:\Users\ARCHANA PATEL\Desktop\doc clustering new 5\dataconnect`
 {"metadata":{"emulator":{"name":"dataconnect"},"message":"E0428 21:42:26.487636   25764 watch.go:40] Failed to load config from \"c:\\\\Users\\\\ARCHANA PATEL\\\\Desktop\\\\doc clustering new 5\\\\dataconnect\": could not find dataconnect.yaml in `c:\\Users\\ARCHANA PATEL\\Desktop\\doc clustering new 5\\dataconnect`\n"}}
[debug] [2026-04-28T16:12:36.488Z] E0428 21:42:36.487393   25764 watch.go:40] Failed to load config from "c:\\Users\\ARCHANA PATEL\\Desktop\\doc clustering new 5\\dataconnect": could not find dataconnect.yaml in `c:\Users\ARCHANA PATEL\Desktop\doc clustering new 5\dataconnect`
 {"metadata":{"emulator":{"name":"dataconnect"},"message":"E0428 21:42:36.487393   25764 watch.go:40] Failed to load config from \"c:\\\\Users\\\\ARCHANA PATEL\\\\Desktop\\\\doc clustering new 5\\\\dataconnect\": could not find dataconnect.yaml in `c:\\Users\\ARCHANA PATEL\\Desktop\\doc clustering new 5\\dataconnect`\n"}}
[debug] [2026-04-28T16:12:46.488Z] E0428 21:42:46.487901   25764 watch.go:40] Failed to load config from "c:\\Users\\ARCHANA PATEL\\Desktop\\doc clustering new 5\\dataconnect": could not find dataconnect.yaml in `c:\Users\ARCHANA PATEL\Desktop\doc clustering new 5\dataconnect`
 {"metadata":{"emulator":{"name":"dataconnect"},"message":"E0428 21:42:46.487901   25764 watch.go:40] Failed to load config from \"c:\\\\Users\\\\ARCHANA PATEL\\\\Desktop\\\\doc clustering new 5\\\\dataconnect\": could not find dataconnect.yaml in `c:\\Users\\ARCHANA PATEL\\Desktop\\doc clustering new 5\\dataconnect`\n"}}
[debug] [2026-04-28T16:12:56.488Z] E0428 21:42:56.488421   25764 watch.go:40] Failed to load config from "c:\\Users\\ARCHANA PATEL\\Desktop\\doc clustering new 5\\dataconnect": could not find dataconnect.yaml in `c:\Users\ARCHANA PATEL\Desktop\doc clustering new 5\dataconnect`
 {"metadata":{"emulator":{"name":"dataconnect"},"message":"E0428 21:42:56.488421   25764 watch.go:40] Failed to load config from \"c:\\\\Users\\\\ARCHANA PATEL\\\\Desktop\\\\doc clustering new 5\\\\dataconnect\": could not find dataconnect.yaml in `c:\\Users\\ARCHANA PATEL\\Desktop\\doc clustering new 5\\dataconnect`\n"}}
[debug] [2026-04-28T16:12:56.495Z] E0428 21:42:56.489190   25764 watch.go:116] watchAllDir unable to walk dir `c:\Users\ARCHANA PATEL\Desktop\doc clustering new 5\dataconnect`: GetFileAttributesEx c:\Users\ARCHANA PATEL\Desktop\doc clustering new 5\dataconnect: The system cannot find the file specified.
 {"metadata":{"emulator":{"name":"dataconnect"},"message":"E0428 21:42:56.489190   25764 watch.go:116] watchAllDir unable to walk dir `c:\\Users\\ARCHANA PATEL\\Desktop\\doc clustering new 5\\dataconnect`: GetFileAttributesEx c:\\Users\\ARCHANA PATEL\\Desktop\\doc clustering new 5\\dataconnect: The system cannot find the file specified.\n"}}
[debug] [2026-04-28T16:13:06.497Z] E0428 21:43:06.496545   25764 watch.go:40] Failed to load config from "c:\\Users\\ARCHANA PATEL\\Desktop\\doc clustering new 5\\dataconnect": could not find dataconnect.yaml in `c:\Users\ARCHANA PATEL\Desktop\doc clustering new 5\dataconnect`
 {"metadata":{"emulator":{"name":"dataconnect"},"message":"E0428 21:43:06.496545   25764 watch.go:40] Failed to load config from \"c:\\\\Users\\\\ARCHANA PATEL\\\\Desktop\\\\doc clustering new 5\\\\dataconnect\": could not find dataconnect.yaml in `c:\\Users\\ARCHANA PATEL\\Desktop\\doc clustering new 5\\dataconnect`\n"}}
[debug] [2026-04-28T16:13:16.494Z] E0428 21:43:16.487631   25764 watch.go:40] Failed to load config from "c:\\Users\\ARCHANA PATEL\\Desktop\\doc clustering new 5\\dataconnect": could not find dataconnect.yaml in `c:\Users\ARCHANA PATEL\Desktop\doc clustering new 5\dataconnect`
 {"metadata":{"emulator":{"name":"dataconnect"},"message":"E0428 21:43:16.487631   25764 watch.go:40] Failed to load config from \"c:\\\\Users\\\\ARCHANA PATEL\\\\Desktop\\\\doc clustering new 5\\\\dataconnect\": could not find dataconnect.yaml in `c:\\Users\\ARCHANA PATEL\\Desktop\\doc clustering new 5\\dataconnect`\n"}}
[debug] [2026-04-28T16:13:26.493Z] E0428 21:43:26.492239   25764 watch.go:40] Failed to load config from "c:\\Users\\ARCHANA PATEL\\Desktop\\doc clustering new 5\\dataconnect": could not find dataconnect.yaml in `c:\Users\ARCHANA PATEL\Desktop\doc clustering new 5\dataconnect`
 {"metadata":{"emulator":{"name":"dataconnect"},"message":"E0428 21:43:26.492239   25764 watch.go:40] Failed to load config from \"c:\\\\Users\\\\ARCHANA PATEL\\\\Desktop\\\\doc clustering new 5\\\\dataconnect\": could not find dataconnect.yaml in `c:\\Users\\ARCHANA PATEL\\Desktop\\doc clustering new 5\\dataconnect`\n"}}
[debug] [2026-04-28T16:13:36.489Z] E0428 21:43:36.487937   25764 watch.go:40] Failed to load config from "c:\\Users\\ARCHANA PATEL\\Desktop\\doc clustering new 5\\dataconnect": could not find dataconnect.yaml in `c:\Users\ARCHANA PATEL\Desktop\doc clustering new 5\dataconnect`
 {"metadata":{"emulator":{"name":"dataconnect"},"message":"E0428 21:43:36.487937   25764 watch.go:40] Failed to load config from \"c:\\\\Users\\\\ARCHANA PATEL\\\\Desktop\\\\doc clustering new 5\\\\dataconnect\": could not find dataconnect.yaml in `c:\\Users\\ARCHANA PATEL\\Desktop\\doc clustering new 5\\dataconnect`\n"}}
[debug] [2026-04-28T16:13:46.488Z] E0428 21:43:46.488822   25764 watch.go:40] Failed to load config from "c:\\Users\\ARCHANA PATEL\\Desktop\\doc clustering new 5\\dataconnect": could not find dataconnect.yaml in `c:\Users\ARCHANA PATEL\Desktop\doc clustering new 5\dataconnect`
 {"metadata":{"emulator":{"name":"dataconnect"},"message":"E0428 21:43:46.488822   25764 watch.go:40] Failed to load config from \"c:\\\\Users\\\\ARCHANA PATEL\\\\Desktop\\\\doc clustering new 5\\\\dataconnect\": could not find dataconnect.yaml in `c:\\Users\\ARCHANA PATEL\\Desktop\\doc clustering new 5\\dataconnect`\n"}}
[debug] [2026-04-28T16:13:56.488Z] E0428 21:43:56.487893   25764 watch.go:40] Failed to load config from "c:\\Users\\ARCHANA PATEL\\Desktop\\doc clustering new 5\\dataconnect": could not find dataconnect.yaml in `c:\Users\ARCHANA PATEL\Desktop\doc clustering new 5\dataconnect`
 {"metadata":{"emulator":{"name":"dataconnect"},"message":"E0428 21:43:56.487893   25764 watch.go:40] Failed to load config from \"c:\\\\Users\\\\ARCHANA PATEL\\\\Desktop\\\\doc clustering new 5\\\\dataconnect\": could not find dataconnect.yaml in `c:\\Users\\ARCHANA PATEL\\Desktop\\doc clustering new 5\\dataconnect`\n"}}
[debug] [2026-04-28T16:13:56.491Z] E0428 21:43:56.487893   25764 watch.go:116] watchAllDir unable to walk dir `c:\Users\ARCHANA PATEL\Desktop\doc clustering new 5\dataconnect`: GetFileAttributesEx c:\Users\ARCHANA PATEL\Desktop\doc clustering new 5\dataconnect: The system cannot find the file specified.
 {"metadata":{"emulator":{"name":"dataconnect"},"message":"E0428 21:43:56.487893   25764 watch.go:116] watchAllDir unable to walk dir `c:\\Users\\ARCHANA PATEL\\Desktop\\doc clustering new 5\\dataconnect`: GetFileAttributesEx c:\\Users\\ARCHANA PATEL\\Desktop\\doc clustering new 5\\dataconnect: The system cannot find the file specified.\n"}}
[debug] [2026-04-28T16:14:06.489Z] E0428 21:44:06.487497   25764 watch.go:40] Failed to load config from "c:\\Users\\ARCHANA PATEL\\Desktop\\doc clustering new 5\\dataconnect": could not find dataconnect.yaml in `c:\Users\ARCHANA PATEL\Desktop\doc clustering new 5\dataconnect`
 {"metadata":{"emulator":{"name":"dataconnect"},"message":"E0428 21:44:06.487497   25764 watch.go:40] Failed to load config from \"c:\\\\Users\\\\ARCHANA PATEL\\\\Desktop\\\\doc clustering new 5\\\\dataconnect\": could not find dataconnect.yaml in `c:\\Users\\ARCHANA PATEL\\Desktop\\doc clustering new 5\\dataconnect`\n"}}
[debug] [2026-04-28T16:14:16.489Z] E0428 21:44:16.488486   25764 watch.go:40] Failed to load config from "c:\\Users\\ARCHANA PATEL\\Desktop\\doc clustering new 5\\dataconnect": could not find dataconnect.yaml in `c:\Users\ARCHANA PATEL\Desktop\doc clustering new 5\dataconnect`
 {"metadata":{"emulator":{"name":"dataconnect"},"message":"E0428 21:44:16.488486   25764 watch.go:40] Failed to load config from \"c:\\\\Users\\\\ARCHANA PATEL\\\\Desktop\\\\doc clustering new 5\\\\dataconnect\": could not find dataconnect.yaml in `c:\\Users\\ARCHANA PATEL\\Desktop\\doc clustering new 5\\dataconnect`\n"}}
[debug] [2026-04-28T16:14:26.488Z] E0428 21:44:26.487959   25764 watch.go:40] Failed to load config from "c:\\Users\\ARCHANA PATEL\\Desktop\\doc clustering new 5\\dataconnect": could not find dataconnect.yaml in `c:\Users\ARCHANA PATEL\Desktop\doc clustering new 5\dataconnect`
 {"metadata":{"emulator":{"name":"dataconnect"},"message":"E0428 21:44:26.487959   25764 watch.go:40] Failed to load config from \"c:\\\\Users\\\\ARCHANA PATEL\\\\Desktop\\\\doc clustering new 5\\\\dataconnect\": could not find dataconnect.yaml in `c:\\Users\\ARCHANA PATEL\\Desktop\\doc clustering new 5\\dataconnect`\n"}}
[debug] [2026-04-28T16:14:36.493Z] E0428 21:44:36.491954   25764 watch.go:40] Failed to load config from "c:\\Users\\ARCHANA PATEL\\Desktop\\doc clustering new 5\\dataconnect": could not find dataconnect.yaml in `c:\Users\ARCHANA PATEL\Desktop\doc clustering new 5\dataconnect`
 {"metadata":{"emulator":{"name":"dataconnect"},"message":"E0428 21:44:36.491954   25764 watch.go:40] Failed to load config from \"c:\\\\Users\\\\ARCHANA PATEL\\\\Desktop\\\\doc clustering new 5\\\\dataconnect\": could not find dataconnect.yaml in `c:\\Users\\ARCHANA PATEL\\Desktop\\doc clustering new 5\\dataconnect`\n"}}
[debug] [2026-04-28T16:14:46.496Z] E0428 21:44:46.496448   25764 watch.go:40] Failed to load config from "c:\\Users\\ARCHANA PATEL\\Desktop\\doc clustering new 5\\dataconnect": could not find dataconnect.yaml in `c:\Users\ARCHANA PATEL\Desktop\doc clustering new 5\dataconnect`
 {"metadata":{"emulator":{"name":"dataconnect"},"message":"E0428 21:44:46.496448   25764 watch.go:40] Failed to load config from \"c:\\\\Users\\\\ARCHANA PATEL\\\\Desktop\\\\doc clustering new 5\\\\dataconnect\": could not find dataconnect.yaml in `c:\\Users\\ARCHANA PATEL\\Desktop\\doc clustering new 5\\dataconnect`\n"}}
[debug] [2026-04-28T16:14:56.563Z] E0428 21:44:56.488188   25764 watch.go:40] Failed to load config from "c:\\Users\\ARCHANA PATEL\\Desktop\\doc clustering new 5\\dataconnect": could not find dataconnect.yaml in `c:\Users\ARCHANA PATEL\Desktop\doc clustering new 5\dataconnect`
E0428 21:44:56.489435   25764 watch.go:116] watchAllDir unable to walk dir `c:\Users\ARCHANA PATEL\Desktop\doc clustering new 5\dataconnect`: GetFileAttributesEx c:\Users\ARCHANA PATEL\Desktop\doc clustering new 5\dataconnect: The system cannot find the file specified.
 {"metadata":{"emulator":{"name":"dataconnect"},"message":"E0428 21:44:56.488188   25764 watch.go:40] Failed to load config from \"c:\\\\Users\\\\ARCHANA PATEL\\\\Desktop\\\\doc clustering new 5\\\\dataconnect\": could not find dataconnect.yaml in `c:\\Users\\ARCHANA PATEL\\Desktop\\doc clustering new 5\\dataconnect`\nE0428 21:44:56.489435   25764 watch.go:116] watchAllDir unable to walk dir `c:\\Users\\ARCHANA PATEL\\Desktop\\doc clustering new 5\\dataconnect`: GetFileAttributesEx c:\\Users\\ARCHANA PATEL\\Desktop\\doc clustering new 5\\dataconnect: The system cannot find the file specified.\n"}}
[debug] [2026-04-28T16:15:06.488Z] E0428 21:45:06.488483   25764 watch.go:40] Failed to load config from "c:\\Users\\ARCHANA PATEL\\Desktop\\doc clustering new 5\\dataconnect": could not find dataconnect.yaml in `c:\Users\ARCHANA PATEL\Desktop\doc clustering new 5\dataconnect`
 {"metadata":{"emulator":{"name":"dataconnect"},"message":"E0428 21:45:06.488483   25764 watch.go:40] Failed to load config from \"c:\\\\Users\\\\ARCHANA PATEL\\\\Desktop\\\\doc clustering new 5\\\\dataconnect\": could not find dataconnect.yaml in `c:\\Users\\ARCHANA PATEL\\Desktop\\doc clustering new 5\\dataconnect`\n"}}
[debug] [2026-04-28T16:15:16.488Z] E0428 21:45:16.487795   25764 watch.go:40] Failed to load config from "c:\\Users\\ARCHANA PATEL\\Desktop\\doc clustering new 5\\dataconnect": could not find dataconnect.yaml in `c:\Users\ARCHANA PATEL\Desktop\doc clustering new 5\dataconnect`
 {"metadata":{"emulator":{"name":"dataconnect"},"message":"E0428 21:45:16.487795   25764 watch.go:40] Failed to load config from \"c:\\\\Users\\\\ARCHANA PATEL\\\\Desktop\\\\doc clustering new 5\\\\dataconnect\": could not find dataconnect.yaml in `c:\\Users\\ARCHANA PATEL\\Desktop\\doc clustering new 5\\dataconnect`\n"}}
[debug] [2026-04-28T16:15:26.491Z] E0428 21:45:26.490843   25764 watch.go:40] Failed to load config from "c:\\Users\\ARCHANA PATEL\\Desktop\\doc clustering new 5\\dataconnect": could not find dataconnect.yaml in `c:\Users\ARCHANA PATEL\Desktop\doc clustering new 5\dataconnect`
 {"metadata":{"emulator":{"name":"dataconnect"},"message":"E0428 21:45:26.490843   25764 watch.go:40] Failed to load config from \"c:\\\\Users\\\\ARCHANA PATEL\\\\Desktop\\\\doc clustering new 5\\\\dataconnect\": could not find dataconnect.yaml in `c:\\Users\\ARCHANA PATEL\\Desktop\\doc clustering new 5\\dataconnect`\n"}}
[debug] [2026-04-28T16:15:36.488Z] E0428 21:45:36.488184   25764 watch.go:40] Failed to load config from "c:\\Users\\ARCHANA PATEL\\Desktop\\doc clustering new 5\\dataconnect": could not find dataconnect.yaml in `c:\Users\ARCHANA PATEL\Desktop\doc clustering new 5\dataconnect`
 {"metadata":{"emulator":{"name":"dataconnect"},"message":"E0428 21:45:36.488184   25764 watch.go:40] Failed to load config from \"c:\\\\Users\\\\ARCHANA PATEL\\\\Desktop\\\\doc clustering new 5\\\\dataconnect\": could not find dataconnect.yaml in `c:\\Users\\ARCHANA PATEL\\Desktop\\doc clustering new 5\\dataconnect`\n"}}
[debug] [2026-04-28T16:15:46.488Z] E0428 21:45:46.488380   25764 watch.go:40] Failed to load config from "c:\\Users\\ARCHANA PATEL\\Desktop\\doc clustering new 5\\dataconnect": could not find dataconnect.yaml in `c:\Users\ARCHANA PATEL\Desktop\doc clustering new 5\dataconnect`
 {"metadata":{"emulator":{"name":"dataconnect"},"message":"E0428 21:45:46.488380   25764 watch.go:40] Failed to load config from \"c:\\\\Users\\\\ARCHANA PATEL\\\\Desktop\\\\doc clustering new 5\\\\dataconnect\": could not find dataconnect.yaml in `c:\\Users\\ARCHANA PATEL\\Desktop\\doc clustering new 5\\dataconnect`\n"}}
[debug] [2026-04-28T16:15:56.488Z] E0428 21:45:56.488058   25764 watch.go:40] Failed to load config from "c:\\Users\\ARCHANA PATEL\\Desktop\\doc clustering new 5\\dataconnect": could not find dataconnect.yaml in `c:\Users\ARCHANA PATEL\Desktop\doc clustering new 5\dataconnect`
 {"metadata":{"emulator":{"name":"dataconnect"},"message":"E0428 21:45:56.488058   25764 watch.go:40] Failed to load config from \"c:\\\\Users\\\\ARCHANA PATEL\\\\Desktop\\\\doc clustering new 5\\\\dataconnect\": could not find dataconnect.yaml in `c:\\Users\\ARCHANA PATEL\\Desktop\\doc clustering new 5\\dataconnect`\n"}}
[debug] [2026-04-28T16:15:56.492Z] E0428 21:45:56.488058   25764 watch.go:116] watchAllDir unable to walk dir `c:\Users\ARCHANA PATEL\Desktop\doc clustering new 5\dataconnect`: GetFileAttributesEx c:\Users\ARCHANA PATEL\Desktop\doc clustering new 5\dataconnect: The system cannot find the file specified.
 {"metadata":{"emulator":{"name":"dataconnect"},"message":"E0428 21:45:56.488058   25764 watch.go:116] watchAllDir unable to walk dir `c:\\Users\\ARCHANA PATEL\\Desktop\\doc clustering new 5\\dataconnect`: GetFileAttributesEx c:\\Users\\ARCHANA PATEL\\Desktop\\doc clustering new 5\\dataconnect: The system cannot find the file specified.\n"}}
[debug] [2026-04-28T16:16:06.488Z] E0428 21:46:06.488133   25764 watch.go:40] Failed to load config from "c:\\Users\\ARCHANA PATEL\\Desktop\\doc clustering new 5\\dataconnect": could not find dataconnect.yaml in `c:\Users\ARCHANA PATEL\Desktop\doc clustering new 5\dataconnect`
 {"metadata":{"emulator":{"name":"dataconnect"},"message":"E0428 21:46:06.488133   25764 watch.go:40] Failed to load config from \"c:\\\\Users\\\\ARCHANA PATEL\\\\Desktop\\\\doc clustering new 5\\\\dataconnect\": could not find dataconnect.yaml in `c:\\Users\\ARCHANA PATEL\\Desktop\\doc clustering new 5\\dataconnect`\n"}}
[debug] [2026-04-28T16:16:16.489Z] E0428 21:46:16.487875   25764 watch.go:40] Failed to load config from "c:\\Users\\ARCHANA PATEL\\Desktop\\doc clustering new 5\\dataconnect": could not find dataconnect.yaml in `c:\Users\ARCHANA PATEL\Desktop\doc clustering new 5\dataconnect`
 {"metadata":{"emulator":{"name":"dataconnect"},"message":"E0428 21:46:16.487875   25764 watch.go:40] Failed to load config from \"c:\\\\Users\\\\ARCHANA PATEL\\\\Desktop\\\\doc clustering new 5\\\\dataconnect\": could not find dataconnect.yaml in `c:\\Users\\ARCHANA PATEL\\Desktop\\doc clustering new 5\\dataconnect`\n"}}
[debug] [2026-04-28T16:16:26.487Z] E0428 21:46:26.487555   25764 watch.go:40] Failed to load config from "c:\\Users\\ARCHANA PATEL\\Desktop\\doc clustering new 5\\dataconnect": could not find dataconnect.yaml in `c:\Users\ARCHANA PATEL\Desktop\doc clustering new 5\dataconnect`
 {"metadata":{"emulator":{"name":"dataconnect"},"message":"E0428 21:46:26.487555   25764 watch.go:40] Failed to load config from \"c:\\\\Users\\\\ARCHANA PATEL\\\\Desktop\\\\doc clustering new 5\\\\dataconnect\": could not find dataconnect.yaml in `c:\\Users\\ARCHANA PATEL\\Desktop\\doc clustering new 5\\dataconnect`\n"}}
[debug] [2026-04-28T16:16:36.488Z] E0428 21:46:36.488186   25764 watch.go:40] Failed to load config from "c:\\Users\\ARCHANA PATEL\\Desktop\\doc clustering new 5\\dataconnect": could not find dataconnect.yaml in `c:\Users\ARCHANA PATEL\Desktop\doc clustering new 5\dataconnect`
 {"metadata":{"emulator":{"name":"dataconnect"},"message":"E0428 21:46:36.488186   25764 watch.go:40] Failed to load config from \"c:\\\\Users\\\\ARCHANA PATEL\\\\Desktop\\\\doc clustering new 5\\\\dataconnect\": could not find dataconnect.yaml in `c:\\Users\\ARCHANA PATEL\\Desktop\\doc clustering new 5\\dataconnect`\n"}}
[debug] [2026-04-28T16:16:46.488Z] E0428 21:46:46.488158   25764 watch.go:40] Failed to load config from "c:\\Users\\ARCHANA PATEL\\Desktop\\doc clustering new 5\\dataconnect": could not find dataconnect.yaml in `c:\Users\ARCHANA PATEL\Desktop\doc clustering new 5\dataconnect`
 {"metadata":{"emulator":{"name":"dataconnect"},"message":"E0428 21:46:46.488158   25764 watch.go:40] Failed to load config from \"c:\\\\Users\\\\ARCHANA PATEL\\\\Desktop\\\\doc clustering new 5\\\\dataconnect\": could not find dataconnect.yaml in `c:\\Users\\ARCHANA PATEL\\Desktop\\doc clustering new 5\\dataconnect`\n"}}
[debug] [2026-04-28T16:16:56.488Z] E0428 21:46:56.487791   25764 watch.go:40] Failed to load config from "c:\\Users\\ARCHANA PATEL\\Desktop\\doc clustering new 5\\dataconnect": could not find dataconnect.yaml in `c:\Users\ARCHANA PATEL\Desktop\doc clustering new 5\dataconnect`
 {"metadata":{"emulator":{"name":"dataconnect"},"message":"E0428 21:46:56.487791   25764 watch.go:40] Failed to load config from \"c:\\\\Users\\\\ARCHANA PATEL\\\\Desktop\\\\doc clustering new 5\\\\dataconnect\": could not find dataconnect.yaml in `c:\\Users\\ARCHANA PATEL\\Desktop\\doc clustering new 5\\dataconnect`\n"}}
[debug] [2026-04-28T16:16:56.491Z] E0428 21:46:56.487791   25764 watch.go:116] watchAllDir unable to walk dir `c:\Users\ARCHANA PATEL\Desktop\doc clustering new 5\dataconnect`: GetFileAttributesEx c:\Users\ARCHANA PATEL\Desktop\doc clustering new 5\dataconnect: The system cannot find the file specified.
 {"metadata":{"emulator":{"name":"dataconnect"},"message":"E0428 21:46:56.487791   25764 watch.go:116] watchAllDir unable to walk dir `c:\\Users\\ARCHANA PATEL\\Desktop\\doc clustering new 5\\dataconnect`: GetFileAttributesEx c:\\Users\\ARCHANA PATEL\\Desktop\\doc clustering new 5\\dataconnect: The system cannot find the file specified.\n"}}
[debug] [2026-04-28T16:17:06.765Z] E0428 21:47:06.488374   25764 watch.go:40] Failed to load config from "c:\\Users\\ARCHANA PATEL\\Desktop\\doc clustering new 5\\dataconnect": could not find dataconnect.yaml in `c:\Users\ARCHANA PATEL\Desktop\doc clustering new 5\dataconnect`
 {"metadata":{"emulator":{"name":"dataconnect"},"message":"E0428 21:47:06.488374   25764 watch.go:40] Failed to load config from \"c:\\\\Users\\\\ARCHANA PATEL\\\\Desktop\\\\doc clustering new 5\\\\dataconnect\": could not find dataconnect.yaml in `c:\\Users\\ARCHANA PATEL\\Desktop\\doc clustering new 5\\dataconnect`\n"}}
[debug] [2026-04-28T16:17:16.487Z] E0428 21:47:16.487583   25764 watch.go:40] Failed to load config from "c:\\Users\\ARCHANA PATEL\\Desktop\\doc clustering new 5\\dataconnect": could not find dataconnect.yaml in `c:\Users\ARCHANA PATEL\Desktop\doc clustering new 5\dataconnect`
 {"metadata":{"emulator":{"name":"dataconnect"},"message":"E0428 21:47:16.487583   25764 watch.go:40] Failed to load config from \"c:\\\\Users\\\\ARCHANA PATEL\\\\Desktop\\\\doc clustering new 5\\\\dataconnect\": could not find dataconnect.yaml in `c:\\Users\\ARCHANA PATEL\\Desktop\\doc clustering new 5\\dataconnect`\n"}}
[debug] [2026-04-28T16:17:26.487Z] E0428 21:47:26.487688   25764 watch.go:40] Failed to load config from "c:\\Users\\ARCHANA PATEL\\Desktop\\doc clustering new 5\\dataconnect": could not find dataconnect.yaml in `c:\Users\ARCHANA PATEL\Desktop\doc clustering new 5\dataconnect`
 {"metadata":{"emulator":{"name":"dataconnect"},"message":"E0428 21:47:26.487688   25764 watch.go:40] Failed to load config from \"c:\\\\Users\\\\ARCHANA PATEL\\\\Desktop\\\\doc clustering new 5\\\\dataconnect\": could not find dataconnect.yaml in `c:\\Users\\ARCHANA PATEL\\Desktop\\doc clustering new 5\\dataconnect`\n"}}
[debug] [2026-04-28T16:17:36.488Z] E0428 21:47:36.488104   25764 watch.go:40] Failed to load config from "c:\\Users\\ARCHANA PATEL\\Desktop\\doc clustering new 5\\dataconnect": could not find dataconnect.yaml in `c:\Users\ARCHANA PATEL\Desktop\doc clustering new 5\dataconnect`
 {"metadata":{"emulator":{"name":"dataconnect"},"message":"E0428 21:47:36.488104   25764 watch.go:40] Failed to load config from \"c:\\\\Users\\\\ARCHANA PATEL\\\\Desktop\\\\doc clustering new 5\\\\dataconnect\": could not find dataconnect.yaml in `c:\\Users\\ARCHANA PATEL\\Desktop\\doc clustering new 5\\dataconnect`\n"}}
[debug] [2026-04-28T16:17:46.488Z] E0428 21:47:46.488136   25764 watch.go:40] Failed to load config from "c:\\Users\\ARCHANA PATEL\\Desktop\\doc clustering new 5\\dataconnect": could not find dataconnect.yaml in `c:\Users\ARCHANA PATEL\Desktop\doc clustering new 5\dataconnect`
 {"metadata":{"emulator":{"name":"dataconnect"},"message":"E0428 21:47:46.488136   25764 watch.go:40] Failed to load config from \"c:\\\\Users\\\\ARCHANA PATEL\\\\Desktop\\\\doc clustering new 5\\\\dataconnect\": could not find dataconnect.yaml in `c:\\Users\\ARCHANA PATEL\\Desktop\\doc clustering new 5\\dataconnect`\n"}}
[debug] [2026-04-28T16:17:56.488Z] E0428 21:47:56.488207   25764 watch.go:40] Failed to load config from "c:\\Users\\ARCHANA PATEL\\Desktop\\doc clustering new 5\\dataconnect": could not find dataconnect.yaml in `c:\Users\ARCHANA PATEL\Desktop\doc clustering new 5\dataconnect`
 {"metadata":{"emulator":{"name":"dataconnect"},"message":"E0428 21:47:56.488207   25764 watch.go:40] Failed to load config from \"c:\\\\Users\\\\ARCHANA PATEL\\\\Desktop\\\\doc clustering new 5\\\\dataconnect\": could not find dataconnect.yaml in `c:\\Users\\ARCHANA PATEL\\Desktop\\doc clustering new 5\\dataconnect`\n"}}
[debug] [2026-04-28T16:17:56.489Z] E0428 21:47:56.487865   25764 watch.go:116] watchAllDir unable to walk dir `c:\Users\ARCHANA PATEL\Desktop\doc clustering new 5\dataconnect`: GetFileAttributesEx c:\Users\ARCHANA PATEL\Desktop\doc clustering new 5\dataconnect: The system cannot find the file specified.
 {"metadata":{"emulator":{"name":"dataconnect"},"message":"E0428 21:47:56.487865   25764 watch.go:116] watchAllDir unable to walk dir `c:\\Users\\ARCHANA PATEL\\Desktop\\doc clustering new 5\\dataconnect`: GetFileAttributesEx c:\\Users\\ARCHANA PATEL\\Desktop\\doc clustering new 5\\dataconnect: The system cannot find the file specified.\n"}}
[debug] [2026-04-28T16:18:06.491Z] E0428 21:48:06.491048   25764 watch.go:40] Failed to load config from "c:\\Users\\ARCHANA PATEL\\Desktop\\doc clustering new 5\\dataconnect": could not find dataconnect.yaml in `c:\Users\ARCHANA PATEL\Desktop\doc clustering new 5\dataconnect`
 {"metadata":{"emulator":{"name":"dataconnect"},"message":"E0428 21:48:06.491048   25764 watch.go:40] Failed to load config from \"c:\\\\Users\\\\ARCHANA PATEL\\\\Desktop\\\\doc clustering new 5\\\\dataconnect\": could not find dataconnect.yaml in `c:\\Users\\ARCHANA PATEL\\Desktop\\doc clustering new 5\\dataconnect`\n"}}
[debug] [2026-04-28T16:18:16.488Z] E0428 21:48:16.487734   25764 watch.go:40] Failed to load config from "c:\\Users\\ARCHANA PATEL\\Desktop\\doc clustering new 5\\dataconnect": could not find dataconnect.yaml in `c:\Users\ARCHANA PATEL\Desktop\doc clustering new 5\dataconnect`
 {"metadata":{"emulator":{"name":"dataconnect"},"message":"E0428 21:48:16.487734   25764 watch.go:40] Failed to load config from \"c:\\\\Users\\\\ARCHANA PATEL\\\\Desktop\\\\doc clustering new 5\\\\dataconnect\": could not find dataconnect.yaml in `c:\\Users\\ARCHANA PATEL\\Desktop\\doc clustering new 5\\dataconnect`\n"}}
[debug] [2026-04-28T16:18:26.488Z] E0428 21:48:26.488227   25764 watch.go:40] Failed to load config from "c:\\Users\\ARCHANA PATEL\\Desktop\\doc clustering new 5\\dataconnect": could not find dataconnect.yaml in `c:\Users\ARCHANA PATEL\Desktop\doc clustering new 5\dataconnect`
 {"metadata":{"emulator":{"name":"dataconnect"},"message":"E0428 21:48:26.488227   25764 watch.go:40] Failed to load config from \"c:\\\\Users\\\\ARCHANA PATEL\\\\Desktop\\\\doc clustering new 5\\\\dataconnect\": could not find dataconnect.yaml in `c:\\Users\\ARCHANA PATEL\\Desktop\\doc clustering new 5\\dataconnect`\n"}}
[debug] [2026-04-28T16:18:36.488Z] E0428 21:48:36.487827   25764 watch.go:40] Failed to load config from "c:\\Users\\ARCHANA PATEL\\Desktop\\doc clustering new 5\\dataconnect": could not find dataconnect.yaml in `c:\Users\ARCHANA PATEL\Desktop\doc clustering new 5\dataconnect`
 {"metadata":{"emulator":{"name":"dataconnect"},"message":"E0428 21:48:36.487827   25764 watch.go:40] Failed to load config from \"c:\\\\Users\\\\ARCHANA PATEL\\\\Desktop\\\\doc clustering new 5\\\\dataconnect\": could not find dataconnect.yaml in `c:\\Users\\ARCHANA PATEL\\Desktop\\doc clustering new 5\\dataconnect`\n"}}
[debug] [2026-04-28T16:18:46.488Z] E0428 21:48:46.487999   25764 watch.go:40] Failed to load config from "c:\\Users\\ARCHANA PATEL\\Desktop\\doc clustering new 5\\dataconnect": could not find dataconnect.yaml in `c:\Users\ARCHANA PATEL\Desktop\doc clustering new 5\dataconnect`
 {"metadata":{"emulator":{"name":"dataconnect"},"message":"E0428 21:48:46.487999   25764 watch.go:40] Failed to load config from \"c:\\\\Users\\\\ARCHANA PATEL\\\\Desktop\\\\doc clustering new 5\\\\dataconnect\": could not find dataconnect.yaml in `c:\\Users\\ARCHANA PATEL\\Desktop\\doc clustering new 5\\dataconnect`\n"}}
[debug] [2026-04-28T16:18:56.487Z] E0428 21:48:56.487555   25764 watch.go:116] watchAllDir unable to walk dir `c:\Users\ARCHANA PATEL\Desktop\doc clustering new 5\dataconnect`: GetFileAttributesEx c:\Users\ARCHANA PATEL\Desktop\doc clustering new 5\dataconnect: The system cannot find the file specified.
E0428 21:48:56.487555   25764 watch.go:40] Failed to load config from "c:\\Users\\ARCHANA PATEL\\Desktop\\doc clustering new 5\\dataconnect": could not find dataconnect.yaml in `c:\Users\ARCHANA PATEL\Desktop\doc clustering new 5\dataconnect`
 {"metadata":{"emulator":{"name":"dataconnect"},"message":"E0428 21:48:56.487555   25764 watch.go:116] watchAllDir unable to walk dir `c:\\Users\\ARCHANA PATEL\\Desktop\\doc clustering new 5\\dataconnect`: GetFileAttributesEx c:\\Users\\ARCHANA PATEL\\Desktop\\doc clustering new 5\\dataconnect: The system cannot find the file specified.\nE0428 21:48:56.487555   25764 watch.go:40] Failed to load config from \"c:\\\\Users\\\\ARCHANA PATEL\\\\Desktop\\\\doc clustering new 5\\\\dataconnect\": could not find dataconnect.yaml in `c:\\Users\\ARCHANA PATEL\\Desktop\\doc clustering new 5\\dataconnect`\n"}}
[debug] [2026-04-28T16:19:06.488Z] E0428 21:49:06.488134   25764 watch.go:40] Failed to load config from "c:\\Users\\ARCHANA PATEL\\Desktop\\doc clustering new 5\\dataconnect": could not find dataconnect.yaml in `c:\Users\ARCHANA PATEL\Desktop\doc clustering new 5\dataconnect`
 {"metadata":{"emulator":{"name":"dataconnect"},"message":"E0428 21:49:06.488134   25764 watch.go:40] Failed to load config from \"c:\\\\Users\\\\ARCHANA PATEL\\\\Desktop\\\\doc clustering new 5\\\\dataconnect\": could not find dataconnect.yaml in `c:\\Users\\ARCHANA PATEL\\Desktop\\doc clustering new 5\\dataconnect`\n"}}
[debug] [2026-04-28T16:19:16.488Z] E0428 21:49:16.487674   25764 watch.go:40] Failed to load config from "c:\\Users\\ARCHANA PATEL\\Desktop\\doc clustering new 5\\dataconnect": could not find dataconnect.yaml in `c:\Users\ARCHANA PATEL\Desktop\doc clustering new 5\dataconnect`
 {"metadata":{"emulator":{"name":"dataconnect"},"message":"E0428 21:49:16.487674   25764 watch.go:40] Failed to load config from \"c:\\\\Users\\\\ARCHANA PATEL\\\\Desktop\\\\doc clustering new 5\\\\dataconnect\": could not find dataconnect.yaml in `c:\\Users\\ARCHANA PATEL\\Desktop\\doc clustering new 5\\dataconnect`\n"}}
[debug] [2026-04-28T16:19:26.488Z] E0428 21:49:26.487786   25764 watch.go:40] Failed to load config from "c:\\Users\\ARCHANA PATEL\\Desktop\\doc clustering new 5\\dataconnect": could not find dataconnect.yaml in `c:\Users\ARCHANA PATEL\Desktop\doc clustering new 5\dataconnect`
 {"metadata":{"emulator":{"name":"dataconnect"},"message":"E0428 21:49:26.487786   25764 watch.go:40] Failed to load config from \"c:\\\\Users\\\\ARCHANA PATEL\\\\Desktop\\\\doc clustering new 5\\\\dataconnect\": could not find dataconnect.yaml in `c:\\Users\\ARCHANA PATEL\\Desktop\\doc clustering new 5\\dataconnect`\n"}}
[debug] [2026-04-28T16:19:36.487Z] E0428 21:49:36.487371   25764 watch.go:40] Failed to load config from "c:\\Users\\ARCHANA PATEL\\Desktop\\doc clustering new 5\\dataconnect": could not find dataconnect.yaml in `c:\Users\ARCHANA PATEL\Desktop\doc clustering new 5\dataconnect`
 {"metadata":{"emulator":{"name":"dataconnect"},"message":"E0428 21:49:36.487371   25764 watch.go:40] Failed to load config from \"c:\\\\Users\\\\ARCHANA PATEL\\\\Desktop\\\\doc clustering new 5\\\\dataconnect\": could not find dataconnect.yaml in `c:\\Users\\ARCHANA PATEL\\Desktop\\doc clustering new 5\\dataconnect`\n"}}
[debug] [2026-04-28T16:19:46.487Z] E0428 21:49:46.487363   25764 watch.go:40] Failed to load config from "c:\\Users\\ARCHANA PATEL\\Desktop\\doc clustering new 5\\dataconnect": could not find dataconnect.yaml in `c:\Users\ARCHANA PATEL\Desktop\doc clustering new 5\dataconnect`
 {"metadata":{"emulator":{"name":"dataconnect"},"message":"E0428 21:49:46.487363   25764 watch.go:40] Failed to load config from \"c:\\\\Users\\\\ARCHANA PATEL\\\\Desktop\\\\doc clustering new 5\\\\dataconnect\": could not find dataconnect.yaml in `c:\\Users\\ARCHANA PATEL\\Desktop\\doc clustering new 5\\dataconnect`\n"}}
[debug] [2026-04-28T16:19:56.488Z] E0428 21:49:56.487778   25764 watch.go:116] watchAllDir unable to walk dir `c:\Users\ARCHANA PATEL\Desktop\doc clustering new 5\dataconnect`: GetFileAttributesEx c:\Users\ARCHANA PATEL\Desktop\doc clustering new 5\dataconnect: The system cannot find the file specified.
E0428 21:49:56.487778   25764 watch.go:40] Failed to load config from "c:\\Users\\ARCHANA PATEL\\Desktop\\doc clustering new 5\\dataconnect": could not find dataconnect.yaml in `c:\Users\ARCHANA PATEL\Desktop\doc clustering new 5\dataconnect`
 {"metadata":{"emulator":{"name":"dataconnect"},"message":"E0428 21:49:56.487778   25764 watch.go:116] watchAllDir unable to walk dir `c:\\Users\\ARCHANA PATEL\\Desktop\\doc clustering new 5\\dataconnect`: GetFileAttributesEx c:\\Users\\ARCHANA PATEL\\Desktop\\doc clustering new 5\\dataconnect: The system cannot find the file specified.\nE0428 21:49:56.487778   25764 watch.go:40] Failed to load config from \"c:\\\\Users\\\\ARCHANA PATEL\\\\Desktop\\\\doc clustering new 5\\\\dataconnect\": could not find dataconnect.yaml in `c:\\Users\\ARCHANA PATEL\\Desktop\\doc clustering new 5\\dataconnect`\n"}}
[debug] [2026-04-28T16:20:06.488Z] E0428 21:50:06.487808   25764 watch.go:40] Failed to load config from "c:\\Users\\ARCHANA PATEL\\Desktop\\doc clustering new 5\\dataconnect": could not find dataconnect.yaml in `c:\Users\ARCHANA PATEL\Desktop\doc clustering new 5\dataconnect`
 {"metadata":{"emulator":{"name":"dataconnect"},"message":"E0428 21:50:06.487808   25764 watch.go:40] Failed to load config from \"c:\\\\Users\\\\ARCHANA PATEL\\\\Desktop\\\\doc clustering new 5\\\\dataconnect\": could not find dataconnect.yaml in `c:\\Users\\ARCHANA PATEL\\Desktop\\doc clustering new 5\\dataconnect`\n"}}
[debug] [2026-04-28T16:20:16.490Z] E0428 21:50:16.489601   25764 watch.go:40] Failed to load config from "c:\\Users\\ARCHANA PATEL\\Desktop\\doc clustering new 5\\dataconnect": could not find dataconnect.yaml in `c:\Users\ARCHANA PATEL\Desktop\doc clustering new 5\dataconnect`
 {"metadata":{"emulator":{"name":"dataconnect"},"message":"E0428 21:50:16.489601   25764 watch.go:40] Failed to load config from \"c:\\\\Users\\\\ARCHANA PATEL\\\\Desktop\\\\doc clustering new 5\\\\dataconnect\": could not find dataconnect.yaml in `c:\\Users\\ARCHANA PATEL\\Desktop\\doc clustering new 5\\dataconnect`\n"}}
[debug] [2026-04-28T16:20:26.488Z] E0428 21:50:26.487674   25764 watch.go:40] Failed to load config from "c:\\Users\\ARCHANA PATEL\\Desktop\\doc clustering new 5\\dataconnect": could not find dataconnect.yaml in `c:\Users\ARCHANA PATEL\Desktop\doc clustering new 5\dataconnect`
 {"metadata":{"emulator":{"name":"dataconnect"},"message":"E0428 21:50:26.487674   25764 watch.go:40] Failed to load config from \"c:\\\\Users\\\\ARCHANA PATEL\\\\Desktop\\\\doc clustering new 5\\\\dataconnect\": could not find dataconnect.yaml in `c:\\Users\\ARCHANA PATEL\\Desktop\\doc clustering new 5\\dataconnect`\n"}}
[debug] [2026-04-28T16:20:36.505Z] E0428 21:50:36.504667   25764 watch.go:40] Failed to load config from "c:\\Users\\ARCHANA PATEL\\Desktop\\doc clustering new 5\\dataconnect": could not find dataconnect.yaml in `c:\Users\ARCHANA PATEL\Desktop\doc clustering new 5\dataconnect`
 {"metadata":{"emulator":{"name":"dataconnect"},"message":"E0428 21:50:36.504667   25764 watch.go:40] Failed to load config from \"c:\\\\Users\\\\ARCHANA PATEL\\\\Desktop\\\\doc clustering new 5\\\\dataconnect\": could not find dataconnect.yaml in `c:\\Users\\ARCHANA PATEL\\Desktop\\doc clustering new 5\\dataconnect`\n"}}
[debug] [2026-04-28T16:20:46.487Z] E0428 21:50:46.487445   25764 watch.go:40] Failed to load config from "c:\\Users\\ARCHANA PATEL\\Desktop\\doc clustering new 5\\dataconnect": could not find dataconnect.yaml in `c:\Users\ARCHANA PATEL\Desktop\doc clustering new 5\dataconnect`
 {"metadata":{"emulator":{"name":"dataconnect"},"message":"E0428 21:50:46.487445   25764 watch.go:40] Failed to load config from \"c:\\\\Users\\\\ARCHANA PATEL\\\\Desktop\\\\doc clustering new 5\\\\dataconnect\": could not find dataconnect.yaml in `c:\\Users\\ARCHANA PATEL\\Desktop\\doc clustering new 5\\dataconnect`\n"}}
[debug] [2026-04-28T16:20:56.488Z] E0428 21:50:56.488378   25764 watch.go:40] Failed to load config from "c:\\Users\\ARCHANA PATEL\\Desktop\\doc clustering new 5\\dataconnect": could not find dataconnect.yaml in `c:\Users\ARCHANA PATEL\Desktop\doc clustering new 5\dataconnect`
 {"metadata":{"emulator":{"name":"dataconnect"},"message":"E0428 21:50:56.488378   25764 watch.go:40] Failed to load config from \"c:\\\\Users\\\\ARCHANA PATEL\\\\Desktop\\\\doc clustering new 5\\\\dataconnect\": could not find dataconnect.yaml in `c:\\Users\\ARCHANA PATEL\\Desktop\\doc clustering new 5\\dataconnect`\n"}}
[debug] [2026-04-28T16:20:56.489Z] E0428 21:50:56.488062   25764 watch.go:116] watchAllDir unable to walk dir `c:\Users\ARCHANA PATEL\Desktop\doc clustering new 5\dataconnect`: GetFileAttributesEx c:\Users\ARCHANA PATEL\Desktop\doc clustering new 5\dataconnect: The system cannot find the file specified.
 {"metadata":{"emulator":{"name":"dataconnect"},"message":"E0428 21:50:56.488062   25764 watch.go:116] watchAllDir unable to walk dir `c:\\Users\\ARCHANA PATEL\\Desktop\\doc clustering new 5\\dataconnect`: GetFileAttributesEx c:\\Users\\ARCHANA PATEL\\Desktop\\doc clustering new 5\\dataconnect: The system cannot find the file specified.\n"}}
[debug] [2026-04-28T16:21:06.487Z] E0428 21:51:06.487398   25764 watch.go:40] Failed to load config from "c:\\Users\\ARCHANA PATEL\\Desktop\\doc clustering new 5\\dataconnect": could not find dataconnect.yaml in `c:\Users\ARCHANA PATEL\Desktop\doc clustering new 5\dataconnect`
 {"metadata":{"emulator":{"name":"dataconnect"},"message":"E0428 21:51:06.487398   25764 watch.go:40] Failed to load config from \"c:\\\\Users\\\\ARCHANA PATEL\\\\Desktop\\\\doc clustering new 5\\\\dataconnect\": could not find dataconnect.yaml in `c:\\Users\\ARCHANA PATEL\\Desktop\\doc clustering new 5\\dataconnect`\n"}}
[debug] [2026-04-28T16:21:16.488Z] E0428 21:51:16.488146   25764 watch.go:40] Failed to load config from "c:\\Users\\ARCHANA PATEL\\Desktop\\doc clustering new 5\\dataconnect": could not find dataconnect.yaml in `c:\Users\ARCHANA PATEL\Desktop\doc clustering new 5\dataconnect`
 {"metadata":{"emulator":{"name":"dataconnect"},"message":"E0428 21:51:16.488146   25764 watch.go:40] Failed to load config from \"c:\\\\Users\\\\ARCHANA PATEL\\\\Desktop\\\\doc clustering new 5\\\\dataconnect\": could not find dataconnect.yaml in `c:\\Users\\ARCHANA PATEL\\Desktop\\doc clustering new 5\\dataconnect`\n"}}
[debug] [2026-04-28T16:21:26.488Z] E0428 21:51:26.487909   25764 watch.go:40] Failed to load config from "c:\\Users\\ARCHANA PATEL\\Desktop\\doc clustering new 5\\dataconnect": could not find dataconnect.yaml in `c:\Users\ARCHANA PATEL\Desktop\doc clustering new 5\dataconnect`
 {"metadata":{"emulator":{"name":"dataconnect"},"message":"E0428 21:51:26.487909   25764 watch.go:40] Failed to load config from \"c:\\\\Users\\\\ARCHANA PATEL\\\\Desktop\\\\doc clustering new 5\\\\dataconnect\": could not find dataconnect.yaml in `c:\\Users\\ARCHANA PATEL\\Desktop\\doc clustering new 5\\dataconnect`\n"}}
[debug] [2026-04-28T16:21:36.487Z] E0428 21:51:36.487286   25764 watch.go:40] Failed to load config from "c:\\Users\\ARCHANA PATEL\\Desktop\\doc clustering new 5\\dataconnect": could not find dataconnect.yaml in `c:\Users\ARCHANA PATEL\Desktop\doc clustering new 5\dataconnect`
 {"metadata":{"emulator":{"name":"dataconnect"},"message":"E0428 21:51:36.487286   25764 watch.go:40] Failed to load config from \"c:\\\\Users\\\\ARCHANA PATEL\\\\Desktop\\\\doc clustering new 5\\\\dataconnect\": could not find dataconnect.yaml in `c:\\Users\\ARCHANA PATEL\\Desktop\\doc clustering new 5\\dataconnect`\n"}}
[debug] [2026-04-28T16:21:46.487Z] E0428 21:51:46.487723   25764 watch.go:40] Failed to load config from "c:\\Users\\ARCHANA PATEL\\Desktop\\doc clustering new 5\\dataconnect": could not find dataconnect.yaml in `c:\Users\ARCHANA PATEL\Desktop\doc clustering new 5\dataconnect`
 {"metadata":{"emulator":{"name":"dataconnect"},"message":"E0428 21:51:46.487723   25764 watch.go:40] Failed to load config from \"c:\\\\Users\\\\ARCHANA PATEL\\\\Desktop\\\\doc clustering new 5\\\\dataconnect\": could not find dataconnect.yaml in `c:\\Users\\ARCHANA PATEL\\Desktop\\doc clustering new 5\\dataconnect`\n"}}
[debug] [2026-04-28T16:21:56.488Z] E0428 21:51:56.488015   25764 watch.go:40] Failed to load config from "c:\\Users\\ARCHANA PATEL\\Desktop\\doc clustering new 5\\dataconnect": could not find dataconnect.yaml in `c:\Users\ARCHANA PATEL\Desktop\doc clustering new 5\dataconnect`
E0428 21:51:56.488015   25764 watch.go:116] watchAllDir unable to walk dir `c:\Users\ARCHANA PATEL\Desktop\doc clustering new 5\dataconnect`: GetFileAttributesEx c:\Users\ARCHANA PATEL\Desktop\doc clustering new 5\dataconnect: The system cannot find the file specified.
 {"metadata":{"emulator":{"name":"dataconnect"},"message":"E0428 21:51:56.488015   25764 watch.go:40] Failed to load config from \"c:\\\\Users\\\\ARCHANA PATEL\\\\Desktop\\\\doc clustering new 5\\\\dataconnect\": could not find dataconnect.yaml in `c:\\Users\\ARCHANA PATEL\\Desktop\\doc clustering new 5\\dataconnect`\nE0428 21:51:56.488015   25764 watch.go:116] watchAllDir unable to walk dir `c:\\Users\\ARCHANA PATEL\\Desktop\\doc clustering new 5\\dataconnect`: GetFileAttributesEx c:\\Users\\ARCHANA PATEL\\Desktop\\doc clustering new 5\\dataconnect: The system cannot find the file specified.\n"}}
[debug] [2026-04-28T16:22:06.488Z] E0428 21:52:06.488109   25764 watch.go:40] Failed to load config from "c:\\Users\\ARCHANA PATEL\\Desktop\\doc clustering new 5\\dataconnect": could not find dataconnect.yaml in `c:\Users\ARCHANA PATEL\Desktop\doc clustering new 5\dataconnect`
 {"metadata":{"emulator":{"name":"dataconnect"},"message":"E0428 21:52:06.488109   25764 watch.go:40] Failed to load config from \"c:\\\\Users\\\\ARCHANA PATEL\\\\Desktop\\\\doc clustering new 5\\\\dataconnect\": could not find dataconnect.yaml in `c:\\Users\\ARCHANA PATEL\\Desktop\\doc clustering new 5\\dataconnect`\n"}}
[debug] [2026-04-28T16:22:16.488Z] E0428 21:52:16.488458   25764 watch.go:40] Failed to load config from "c:\\Users\\ARCHANA PATEL\\Desktop\\doc clustering new 5\\dataconnect": could not find dataconnect.yaml in `c:\Users\ARCHANA PATEL\Desktop\doc clustering new 5\dataconnect`
 {"metadata":{"emulator":{"name":"dataconnect"},"message":"E0428 21:52:16.488458   25764 watch.go:40] Failed to load config from \"c:\\\\Users\\\\ARCHANA PATEL\\\\Desktop\\\\doc clustering new 5\\\\dataconnect\": could not find dataconnect.yaml in `c:\\Users\\ARCHANA PATEL\\Desktop\\doc clustering new 5\\dataconnect`\n"}}
[debug] [2026-04-28T16:22:26.487Z] E0428 21:52:26.487586   25764 watch.go:40] Failed to load config from "c:\\Users\\ARCHANA PATEL\\Desktop\\doc clustering new 5\\dataconnect": could not find dataconnect.yaml in `c:\Users\ARCHANA PATEL\Desktop\doc clustering new 5\dataconnect`
 {"metadata":{"emulator":{"name":"dataconnect"},"message":"E0428 21:52:26.487586   25764 watch.go:40] Failed to load config from \"c:\\\\Users\\\\ARCHANA PATEL\\\\Desktop\\\\doc clustering new 5\\\\dataconnect\": could not find dataconnect.yaml in `c:\\Users\\ARCHANA PATEL\\Desktop\\doc clustering new 5\\dataconnect`\n"}}
[debug] [2026-04-28T16:22:36.488Z] E0428 21:52:36.487812   25764 watch.go:40] Failed to load config from "c:\\Users\\ARCHANA PATEL\\Desktop\\doc clustering new 5\\dataconnect": could not find dataconnect.yaml in `c:\Users\ARCHANA PATEL\Desktop\doc clustering new 5\dataconnect`
 {"metadata":{"emulator":{"name":"dataconnect"},"message":"E0428 21:52:36.487812   25764 watch.go:40] Failed to load config from \"c:\\\\Users\\\\ARCHANA PATEL\\\\Desktop\\\\doc clustering new 5\\\\dataconnect\": could not find dataconnect.yaml in `c:\\Users\\ARCHANA PATEL\\Desktop\\doc clustering new 5\\dataconnect`\n"}}
[debug] [2026-04-28T16:22:46.490Z] E0428 21:52:46.490044   25764 watch.go:40] Failed to load config from "c:\\Users\\ARCHANA PATEL\\Desktop\\doc clustering new 5\\dataconnect": could not find dataconnect.yaml in `c:\Users\ARCHANA PATEL\Desktop\doc clustering new 5\dataconnect`
 {"metadata":{"emulator":{"name":"dataconnect"},"message":"E0428 21:52:46.490044   25764 watch.go:40] Failed to load config from \"c:\\\\Users\\\\ARCHANA PATEL\\\\Desktop\\\\doc clustering new 5\\\\dataconnect\": could not find dataconnect.yaml in `c:\\Users\\ARCHANA PATEL\\Desktop\\doc clustering new 5\\dataconnect`\n"}}
[debug] [2026-04-28T16:22:56.488Z] E0428 21:52:56.488090   25764 watch.go:116] watchAllDir unable to walk dir `c:\Users\ARCHANA PATEL\Desktop\doc clustering new 5\dataconnect`: GetFileAttributesEx c:\Users\ARCHANA PATEL\Desktop\doc clustering new 5\dataconnect: The system cannot find the file specified.
 {"metadata":{"emulator":{"name":"dataconnect"},"message":"E0428 21:52:56.488090   25764 watch.go:116] watchAllDir unable to walk dir `c:\\Users\\ARCHANA PATEL\\Desktop\\doc clustering new 5\\dataconnect`: GetFileAttributesEx c:\\Users\\ARCHANA PATEL\\Desktop\\doc clustering new 5\\dataconnect: The system cannot find the file specified.\n"}}
[debug] [2026-04-28T16:22:56.489Z] E0428 21:52:56.488090   25764 watch.go:40] Failed to load config from "c:\\Users\\ARCHANA PATEL\\Desktop\\doc clustering new 5\\dataconnect": could not find dataconnect.yaml in `c:\Users\ARCHANA PATEL\Desktop\doc clustering new 5\dataconnect`
 {"metadata":{"emulator":{"name":"dataconnect"},"message":"E0428 21:52:56.488090   25764 watch.go:40] Failed to load config from \"c:\\\\Users\\\\ARCHANA PATEL\\\\Desktop\\\\doc clustering new 5\\\\dataconnect\": could not find dataconnect.yaml in `c:\\Users\\ARCHANA PATEL\\Desktop\\doc clustering new 5\\dataconnect`\n"}}
[debug] [2026-04-28T16:23:06.488Z] E0428 21:53:06.488768   25764 watch.go:40] Failed to load config from "c:\\Users\\ARCHANA PATEL\\Desktop\\doc clustering new 5\\dataconnect": could not find dataconnect.yaml in `c:\Users\ARCHANA PATEL\Desktop\doc clustering new 5\dataconnect`
 {"metadata":{"emulator":{"name":"dataconnect"},"message":"E0428 21:53:06.488768   25764 watch.go:40] Failed to load config from \"c:\\\\Users\\\\ARCHANA PATEL\\\\Desktop\\\\doc clustering new 5\\\\dataconnect\": could not find dataconnect.yaml in `c:\\Users\\ARCHANA PATEL\\Desktop\\doc clustering new 5\\dataconnect`\n"}}
[debug] [2026-04-28T16:23:16.488Z] E0428 21:53:16.487465   25764 watch.go:40] Failed to load config from "c:\\Users\\ARCHANA PATEL\\Desktop\\doc clustering new 5\\dataconnect": could not find dataconnect.yaml in `c:\Users\ARCHANA PATEL\Desktop\doc clustering new 5\dataconnect`
 {"metadata":{"emulator":{"name":"dataconnect"},"message":"E0428 21:53:16.487465   25764 watch.go:40] Failed to load config from \"c:\\\\Users\\\\ARCHANA PATEL\\\\Desktop\\\\doc clustering new 5\\\\dataconnect\": could not find dataconnect.yaml in `c:\\Users\\ARCHANA PATEL\\Desktop\\doc clustering new 5\\dataconnect`\n"}}
[debug] [2026-04-28T16:23:26.488Z] E0428 21:53:26.487832   25764 watch.go:40] Failed to load config from "c:\\Users\\ARCHANA PATEL\\Desktop\\doc clustering new 5\\dataconnect": could not find dataconnect.yaml in `c:\Users\ARCHANA PATEL\Desktop\doc clustering new 5\dataconnect`
 {"metadata":{"emulator":{"name":"dataconnect"},"message":"E0428 21:53:26.487832   25764 watch.go:40] Failed to load config from \"c:\\\\Users\\\\ARCHANA PATEL\\\\Desktop\\\\doc clustering new 5\\\\dataconnect\": could not find dataconnect.yaml in `c:\\Users\\ARCHANA PATEL\\Desktop\\doc clustering new 5\\dataconnect`\n"}}
[debug] [2026-04-28T16:23:36.488Z] E0428 21:53:36.487917   25764 watch.go:40] Failed to load config from "c:\\Users\\ARCHANA PATEL\\Desktop\\doc clustering new 5\\dataconnect": could not find dataconnect.yaml in `c:\Users\ARCHANA PATEL\Desktop\doc clustering new 5\dataconnect`
 {"metadata":{"emulator":{"name":"dataconnect"},"message":"E0428 21:53:36.487917   25764 watch.go:40] Failed to load config from \"c:\\\\Users\\\\ARCHANA PATEL\\\\Desktop\\\\doc clustering new 5\\\\dataconnect\": could not find dataconnect.yaml in `c:\\Users\\ARCHANA PATEL\\Desktop\\doc clustering new 5\\dataconnect`\n"}}
[debug] [2026-04-28T16:23:46.488Z] E0428 21:53:46.487441   25764 watch.go:40] Failed to load config from "c:\\Users\\ARCHANA PATEL\\Desktop\\doc clustering new 5\\dataconnect": could not find dataconnect.yaml in `c:\Users\ARCHANA PATEL\Desktop\doc clustering new 5\dataconnect`
 {"metadata":{"emulator":{"name":"dataconnect"},"message":"E0428 21:53:46.487441   25764 watch.go:40] Failed to load config from \"c:\\\\Users\\\\ARCHANA PATEL\\\\Desktop\\\\doc clustering new 5\\\\dataconnect\": could not find dataconnect.yaml in `c:\\Users\\ARCHANA PATEL\\Desktop\\doc clustering new 5\\dataconnect`\n"}}
[debug] [2026-04-28T16:23:56.493Z] E0428 21:53:56.487749   25764 watch.go:116] watchAllDir unable to walk dir `c:\Users\ARCHANA PATEL\Desktop\doc clustering new 5\dataconnect`: GetFileAttributesEx c:\Users\ARCHANA PATEL\Desktop\doc clustering new 5\dataconnect: The system cannot find the file specified.
 {"metadata":{"emulator":{"name":"dataconnect"},"message":"E0428 21:53:56.487749   25764 watch.go:116] watchAllDir unable to walk dir `c:\\Users\\ARCHANA PATEL\\Desktop\\doc clustering new 5\\dataconnect`: GetFileAttributesEx c:\\Users\\ARCHANA PATEL\\Desktop\\doc clustering new 5\\dataconnect: The system cannot find the file specified.\n"}}
[debug] [2026-04-28T16:23:56.494Z] E0428 21:53:56.492559   25764 watch.go:40] Failed to load config from "c:\\Users\\ARCHANA PATEL\\Desktop\\doc clustering new 5\\dataconnect": could not find dataconnect.yaml in `c:\Users\ARCHANA PATEL\Desktop\doc clustering new 5\dataconnect`
 {"metadata":{"emulator":{"name":"dataconnect"},"message":"E0428 21:53:56.492559   25764 watch.go:40] Failed to load config from \"c:\\\\Users\\\\ARCHANA PATEL\\\\Desktop\\\\doc clustering new 5\\\\dataconnect\": could not find dataconnect.yaml in `c:\\Users\\ARCHANA PATEL\\Desktop\\doc clustering new 5\\dataconnect`\n"}}
[debug] [2026-04-28T16:24:06.489Z] E0428 21:54:06.488391   25764 watch.go:40] Failed to load config from "c:\\Users\\ARCHANA PATEL\\Desktop\\doc clustering new 5\\dataconnect": could not find dataconnect.yaml in `c:\Users\ARCHANA PATEL\Desktop\doc clustering new 5\dataconnect`
 {"metadata":{"emulator":{"name":"dataconnect"},"message":"E0428 21:54:06.488391   25764 watch.go:40] Failed to load config from \"c:\\\\Users\\\\ARCHANA PATEL\\\\Desktop\\\\doc clustering new 5\\\\dataconnect\": could not find dataconnect.yaml in `c:\\Users\\ARCHANA PATEL\\Desktop\\doc clustering new 5\\dataconnect`\n"}}
[debug] [2026-04-28T16:24:16.488Z] E0428 21:54:16.488185   25764 watch.go:40] Failed to load config from "c:\\Users\\ARCHANA PATEL\\Desktop\\doc clustering new 5\\dataconnect": could not find dataconnect.yaml in `c:\Users\ARCHANA PATEL\Desktop\doc clustering new 5\dataconnect`
 {"metadata":{"emulator":{"name":"dataconnect"},"message":"E0428 21:54:16.488185   25764 watch.go:40] Failed to load config from \"c:\\\\Users\\\\ARCHANA PATEL\\\\Desktop\\\\doc clustering new 5\\\\dataconnect\": could not find dataconnect.yaml in `c:\\Users\\ARCHANA PATEL\\Desktop\\doc clustering new 5\\dataconnect`\n"}}
[debug] [2026-04-28T16:24:26.489Z] E0428 21:54:26.489306   25764 watch.go:40] Failed to load config from "c:\\Users\\ARCHANA PATEL\\Desktop\\doc clustering new 5\\dataconnect": could not find dataconnect.yaml in `c:\Users\ARCHANA PATEL\Desktop\doc clustering new 5\dataconnect`
 {"metadata":{"emulator":{"name":"dataconnect"},"message":"E0428 21:54:26.489306   25764 watch.go:40] Failed to load config from \"c:\\\\Users\\\\ARCHANA PATEL\\\\Desktop\\\\doc clustering new 5\\\\dataconnect\": could not find dataconnect.yaml in `c:\\Users\\ARCHANA PATEL\\Desktop\\doc clustering new 5\\dataconnect`\n"}}
[debug] [2026-04-28T16:24:36.489Z] E0428 21:54:36.489242   25764 watch.go:40] Failed to load config from "c:\\Users\\ARCHANA PATEL\\Desktop\\doc clustering new 5\\dataconnect": could not find dataconnect.yaml in `c:\Users\ARCHANA PATEL\Desktop\doc clustering new 5\dataconnect`
 {"metadata":{"emulator":{"name":"dataconnect"},"message":"E0428 21:54:36.489242   25764 watch.go:40] Failed to load config from \"c:\\\\Users\\\\ARCHANA PATEL\\\\Desktop\\\\doc clustering new 5\\\\dataconnect\": could not find dataconnect.yaml in `c:\\Users\\ARCHANA PATEL\\Desktop\\doc clustering new 5\\dataconnect`\n"}}
[debug] [2026-04-28T16:24:46.487Z] E0428 21:54:46.487537   25764 watch.go:40] Failed to load config from "c:\\Users\\ARCHANA PATEL\\Desktop\\doc clustering new 5\\dataconnect": could not find dataconnect.yaml in `c:\Users\ARCHANA PATEL\Desktop\doc clustering new 5\dataconnect`
 {"metadata":{"emulator":{"name":"dataconnect"},"message":"E0428 21:54:46.487537   25764 watch.go:40] Failed to load config from \"c:\\\\Users\\\\ARCHANA PATEL\\\\Desktop\\\\doc clustering new 5\\\\dataconnect\": could not find dataconnect.yaml in `c:\\Users\\ARCHANA PATEL\\Desktop\\doc clustering new 5\\dataconnect`\n"}}
[debug] [2026-04-28T16:24:56.721Z] E0428 21:54:56.536516   25764 watch.go:116] watchAllDir unable to walk dir `c:\Users\ARCHANA PATEL\Desktop\doc clustering new 5\dataconnect`: GetFileAttributesEx c:\Users\ARCHANA PATEL\Desktop\doc clustering new 5\dataconnect: The system cannot find the file specified.
 {"metadata":{"emulator":{"name":"dataconnect"},"message":"E0428 21:54:56.536516   25764 watch.go:116] watchAllDir unable to walk dir `c:\\Users\\ARCHANA PATEL\\Desktop\\doc clustering new 5\\dataconnect`: GetFileAttributesEx c:\\Users\\ARCHANA PATEL\\Desktop\\doc clustering new 5\\dataconnect: The system cannot find the file specified.\n"}}
[debug] [2026-04-28T16:24:56.727Z] E0428 21:54:56.725030   25764 watch.go:40] Failed to load config from "c:\\Users\\ARCHANA PATEL\\Desktop\\doc clustering new 5\\dataconnect": could not find dataconnect.yaml in `c:\Users\ARCHANA PATEL\Desktop\doc clustering new 5\dataconnect`
 {"metadata":{"emulator":{"name":"dataconnect"},"message":"E0428 21:54:56.725030   25764 watch.go:40] Failed to load config from \"c:\\\\Users\\\\ARCHANA PATEL\\\\Desktop\\\\doc clustering new 5\\\\dataconnect\": could not find dataconnect.yaml in `c:\\Users\\ARCHANA PATEL\\Desktop\\doc clustering new 5\\dataconnect`\n"}}
[debug] [2026-04-28T16:25:06.491Z] E0428 21:55:06.491266   25764 watch.go:40] Failed to load config from "c:\\Users\\ARCHANA PATEL\\Desktop\\doc clustering new 5\\dataconnect": could not find dataconnect.yaml in `c:\Users\ARCHANA PATEL\Desktop\doc clustering new 5\dataconnect`
 {"metadata":{"emulator":{"name":"dataconnect"},"message":"E0428 21:55:06.491266   25764 watch.go:40] Failed to load config from \"c:\\\\Users\\\\ARCHANA PATEL\\\\Desktop\\\\doc clustering new 5\\\\dataconnect\": could not find dataconnect.yaml in `c:\\Users\\ARCHANA PATEL\\Desktop\\doc clustering new 5\\dataconnect`\n"}}
[debug] [2026-04-28T16:25:16.488Z] E0428 21:55:16.488264   25764 watch.go:40] Failed to load config from "c:\\Users\\ARCHANA PATEL\\Desktop\\doc clustering new 5\\dataconnect": could not find dataconnect.yaml in `c:\Users\ARCHANA PATEL\Desktop\doc clustering new 5\dataconnect`
 {"metadata":{"emulator":{"name":"dataconnect"},"message":"E0428 21:55:16.488264   25764 watch.go:40] Failed to load config from \"c:\\\\Users\\\\ARCHANA PATEL\\\\Desktop\\\\doc clustering new 5\\\\dataconnect\": could not find dataconnect.yaml in `c:\\Users\\ARCHANA PATEL\\Desktop\\doc clustering new 5\\dataconnect`\n"}}
[debug] [2026-04-28T16:25:26.488Z] E0428 21:55:26.488307   25764 watch.go:40] Failed to load config from "c:\\Users\\ARCHANA PATEL\\Desktop\\doc clustering new 5\\dataconnect": could not find dataconnect.yaml in `c:\Users\ARCHANA PATEL\Desktop\doc clustering new 5\dataconnect`
 {"metadata":{"emulator":{"name":"dataconnect"},"message":"E0428 21:55:26.488307   25764 watch.go:40] Failed to load config from \"c:\\\\Users\\\\ARCHANA PATEL\\\\Desktop\\\\doc clustering new 5\\\\dataconnect\": could not find dataconnect.yaml in `c:\\Users\\ARCHANA PATEL\\Desktop\\doc clustering new 5\\dataconnect`\n"}}
[debug] [2026-04-28T16:25:36.488Z] E0428 21:55:36.488126   25764 watch.go:40] Failed to load config from "c:\\Users\\ARCHANA PATEL\\Desktop\\doc clustering new 5\\dataconnect": could not find dataconnect.yaml in `c:\Users\ARCHANA PATEL\Desktop\doc clustering new 5\dataconnect`
 {"metadata":{"emulator":{"name":"dataconnect"},"message":"E0428 21:55:36.488126   25764 watch.go:40] Failed to load config from \"c:\\\\Users\\\\ARCHANA PATEL\\\\Desktop\\\\doc clustering new 5\\\\dataconnect\": could not find dataconnect.yaml in `c:\\Users\\ARCHANA PATEL\\Desktop\\doc clustering new 5\\dataconnect`\n"}}
[debug] [2026-04-28T16:25:46.488Z] E0428 21:55:46.488176   25764 watch.go:40] Failed to load config from "c:\\Users\\ARCHANA PATEL\\Desktop\\doc clustering new 5\\dataconnect": could not find dataconnect.yaml in `c:\Users\ARCHANA PATEL\Desktop\doc clustering new 5\dataconnect`
 {"metadata":{"emulator":{"name":"dataconnect"},"message":"E0428 21:55:46.488176   25764 watch.go:40] Failed to load config from \"c:\\\\Users\\\\ARCHANA PATEL\\\\Desktop\\\\doc clustering new 5\\\\dataconnect\": could not find dataconnect.yaml in `c:\\Users\\ARCHANA PATEL\\Desktop\\doc clustering new 5\\dataconnect`\n"}}
[debug] [2026-04-28T16:25:56.488Z] E0428 21:55:56.488607   25764 watch.go:40] Failed to load config from "c:\\Users\\ARCHANA PATEL\\Desktop\\doc clustering new 5\\dataconnect": could not find dataconnect.yaml in `c:\Users\ARCHANA PATEL\Desktop\doc clustering new 5\dataconnect`
 {"metadata":{"emulator":{"name":"dataconnect"},"message":"E0428 21:55:56.488607   25764 watch.go:40] Failed to load config from \"c:\\\\Users\\\\ARCHANA PATEL\\\\Desktop\\\\doc clustering new 5\\\\dataconnect\": could not find dataconnect.yaml in `c:\\Users\\ARCHANA PATEL\\Desktop\\doc clustering new 5\\dataconnect`\n"}}
[debug] [2026-04-28T16:25:56.490Z] E0428 21:55:56.487726   25764 watch.go:116] watchAllDir unable to walk dir `c:\Users\ARCHANA PATEL\Desktop\doc clustering new 5\dataconnect`: GetFileAttributesEx c:\Users\ARCHANA PATEL\Desktop\doc clustering new 5\dataconnect: The system cannot find the file specified.
 {"metadata":{"emulator":{"name":"dataconnect"},"message":"E0428 21:55:56.487726   25764 watch.go:116] watchAllDir unable to walk dir `c:\\Users\\ARCHANA PATEL\\Desktop\\doc clustering new 5\\dataconnect`: GetFileAttributesEx c:\\Users\\ARCHANA PATEL\\Desktop\\doc clustering new 5\\dataconnect: The system cannot find the file specified.\n"}}
[debug] [2026-04-28T16:26:06.488Z] E0428 21:56:06.488589   25764 watch.go:40] Failed to load config from "c:\\Users\\ARCHANA PATEL\\Desktop\\doc clustering new 5\\dataconnect": could not find dataconnect.yaml in `c:\Users\ARCHANA PATEL\Desktop\doc clustering new 5\dataconnect`
 {"metadata":{"emulator":{"name":"dataconnect"},"message":"E0428 21:56:06.488589   25764 watch.go:40] Failed to load config from \"c:\\\\Users\\\\ARCHANA PATEL\\\\Desktop\\\\doc clustering new 5\\\\dataconnect\": could not find dataconnect.yaml in `c:\\Users\\ARCHANA PATEL\\Desktop\\doc clustering new 5\\dataconnect`\n"}}
[debug] [2026-04-28T16:26:16.488Z] E0428 21:56:16.487853   25764 watch.go:40] Failed to load config from "c:\\Users\\ARCHANA PATEL\\Desktop\\doc clustering new 5\\dataconnect": could not find dataconnect.yaml in `c:\Users\ARCHANA PATEL\Desktop\doc clustering new 5\dataconnect`
 {"metadata":{"emulator":{"name":"dataconnect"},"message":"E0428 21:56:16.487853   25764 watch.go:40] Failed to load config from \"c:\\\\Users\\\\ARCHANA PATEL\\\\Desktop\\\\doc clustering new 5\\\\dataconnect\": could not find dataconnect.yaml in `c:\\Users\\ARCHANA PATEL\\Desktop\\doc clustering new 5\\dataconnect`\n"}}
[debug] [2026-04-28T16:26:26.488Z] E0428 21:56:26.488135   25764 watch.go:40] Failed to load config from "c:\\Users\\ARCHANA PATEL\\Desktop\\doc clustering new 5\\dataconnect": could not find dataconnect.yaml in `c:\Users\ARCHANA PATEL\Desktop\doc clustering new 5\dataconnect`
 {"metadata":{"emulator":{"name":"dataconnect"},"message":"E0428 21:56:26.488135   25764 watch.go:40] Failed to load config from \"c:\\\\Users\\\\ARCHANA PATEL\\\\Desktop\\\\doc clustering new 5\\\\dataconnect\": could not find dataconnect.yaml in `c:\\Users\\ARCHANA PATEL\\Desktop\\doc clustering new 5\\dataconnect`\n"}}
[debug] [2026-04-28T16:26:36.498Z] E0428 21:56:36.498040   25764 watch.go:40] Failed to load config from "c:\\Users\\ARCHANA PATEL\\Desktop\\doc clustering new 5\\dataconnect": could not find dataconnect.yaml in `c:\Users\ARCHANA PATEL\Desktop\doc clustering new 5\dataconnect`
 {"metadata":{"emulator":{"name":"dataconnect"},"message":"E0428 21:56:36.498040   25764 watch.go:40] Failed to load config from \"c:\\\\Users\\\\ARCHANA PATEL\\\\Desktop\\\\doc clustering new 5\\\\dataconnect\": could not find dataconnect.yaml in `c:\\Users\\ARCHANA PATEL\\Desktop\\doc clustering new 5\\dataconnect`\n"}}
[debug] [2026-04-28T16:26:46.488Z] E0428 21:56:46.487656   25764 watch.go:40] Failed to load config from "c:\\Users\\ARCHANA PATEL\\Desktop\\doc clustering new 5\\dataconnect": could not find dataconnect.yaml in `c:\Users\ARCHANA PATEL\Desktop\doc clustering new 5\dataconnect`
 {"metadata":{"emulator":{"name":"dataconnect"},"message":"E0428 21:56:46.487656   25764 watch.go:40] Failed to load config from \"c:\\\\Users\\\\ARCHANA PATEL\\\\Desktop\\\\doc clustering new 5\\\\dataconnect\": could not find dataconnect.yaml in `c:\\Users\\ARCHANA PATEL\\Desktop\\doc clustering new 5\\dataconnect`\n"}}
[debug] [2026-04-28T16:26:56.488Z] E0428 21:56:56.488564   25764 watch.go:40] Failed to load config from "c:\\Users\\ARCHANA PATEL\\Desktop\\doc clustering new 5\\dataconnect": could not find dataconnect.yaml in `c:\Users\ARCHANA PATEL\Desktop\doc clustering new 5\dataconnect`
E0428 21:56:56.488564   25764 watch.go:116] watchAllDir unable to walk dir `c:\Users\ARCHANA PATEL\Desktop\doc clustering new 5\dataconnect`: GetFileAttributesEx c:\Users\ARCHANA PATEL\Desktop\doc clustering new 5\dataconnect: The system cannot find the file specified.
 {"metadata":{"emulator":{"name":"dataconnect"},"message":"E0428 21:56:56.488564   25764 watch.go:40] Failed to load config from \"c:\\\\Users\\\\ARCHANA PATEL\\\\Desktop\\\\doc clustering new 5\\\\dataconnect\": could not find dataconnect.yaml in `c:\\Users\\ARCHANA PATEL\\Desktop\\doc clustering new 5\\dataconnect`\nE0428 21:56:56.488564   25764 watch.go:116] watchAllDir unable to walk dir `c:\\Users\\ARCHANA PATEL\\Desktop\\doc clustering new 5\\dataconnect`: GetFileAttributesEx c:\\Users\\ARCHANA PATEL\\Desktop\\doc clustering new 5\\dataconnect: The system cannot find the file specified.\n"}}
[debug] [2026-04-28T16:27:06.489Z] E0428 21:57:06.488902   25764 watch.go:40] Failed to load config from "c:\\Users\\ARCHANA PATEL\\Desktop\\doc clustering new 5\\dataconnect": could not find dataconnect.yaml in `c:\Users\ARCHANA PATEL\Desktop\doc clustering new 5\dataconnect`
 {"metadata":{"emulator":{"name":"dataconnect"},"message":"E0428 21:57:06.488902   25764 watch.go:40] Failed to load config from \"c:\\\\Users\\\\ARCHANA PATEL\\\\Desktop\\\\doc clustering new 5\\\\dataconnect\": could not find dataconnect.yaml in `c:\\Users\\ARCHANA PATEL\\Desktop\\doc clustering new 5\\dataconnect`\n"}}
[debug] [2026-04-28T16:27:16.489Z] E0428 21:57:16.488656   25764 watch.go:40] Failed to load config from "c:\\Users\\ARCHANA PATEL\\Desktop\\doc clustering new 5\\dataconnect": could not find dataconnect.yaml in `c:\Users\ARCHANA PATEL\Desktop\doc clustering new 5\dataconnect`
 {"metadata":{"emulator":{"name":"dataconnect"},"message":"E0428 21:57:16.488656   25764 watch.go:40] Failed to load config from \"c:\\\\Users\\\\ARCHANA PATEL\\\\Desktop\\\\doc clustering new 5\\\\dataconnect\": could not find dataconnect.yaml in `c:\\Users\\ARCHANA PATEL\\Desktop\\doc clustering new 5\\dataconnect`\n"}}
[debug] [2026-04-28T16:27:26.488Z] E0428 21:57:26.488049   25764 watch.go:40] Failed to load config from "c:\\Users\\ARCHANA PATEL\\Desktop\\doc clustering new 5\\dataconnect": could not find dataconnect.yaml in `c:\Users\ARCHANA PATEL\Desktop\doc clustering new 5\dataconnect`
 {"metadata":{"emulator":{"name":"dataconnect"},"message":"E0428 21:57:26.488049   25764 watch.go:40] Failed to load config from \"c:\\\\Users\\\\ARCHANA PATEL\\\\Desktop\\\\doc clustering new 5\\\\dataconnect\": could not find dataconnect.yaml in `c:\\Users\\ARCHANA PATEL\\Desktop\\doc clustering new 5\\dataconnect`\n"}}
[debug] [2026-04-28T16:27:36.488Z] E0428 21:57:36.487986   25764 watch.go:40] Failed to load config from "c:\\Users\\ARCHANA PATEL\\Desktop\\doc clustering new 5\\dataconnect": could not find dataconnect.yaml in `c:\Users\ARCHANA PATEL\Desktop\doc clustering new 5\dataconnect`
 {"metadata":{"emulator":{"name":"dataconnect"},"message":"E0428 21:57:36.487986   25764 watch.go:40] Failed to load config from \"c:\\\\Users\\\\ARCHANA PATEL\\\\Desktop\\\\doc clustering new 5\\\\dataconnect\": could not find dataconnect.yaml in `c:\\Users\\ARCHANA PATEL\\Desktop\\doc clustering new 5\\dataconnect`\n"}}
[debug] [2026-04-28T16:27:46.487Z] E0428 21:57:46.487557   25764 watch.go:40] Failed to load config from "c:\\Users\\ARCHANA PATEL\\Desktop\\doc clustering new 5\\dataconnect": could not find dataconnect.yaml in `c:\Users\ARCHANA PATEL\Desktop\doc clustering new 5\dataconnect`
 {"metadata":{"emulator":{"name":"dataconnect"},"message":"E0428 21:57:46.487557   25764 watch.go:40] Failed to load config from \"c:\\\\Users\\\\ARCHANA PATEL\\\\Desktop\\\\doc clustering new 5\\\\dataconnect\": could not find dataconnect.yaml in `c:\\Users\\ARCHANA PATEL\\Desktop\\doc clustering new 5\\dataconnect`\n"}}
[debug] [2026-04-28T16:27:56.488Z] E0428 21:57:56.488057   25764 watch.go:40] Failed to load config from "c:\\Users\\ARCHANA PATEL\\Desktop\\doc clustering new 5\\dataconnect": could not find dataconnect.yaml in `c:\Users\ARCHANA PATEL\Desktop\doc clustering new 5\dataconnect`
 {"metadata":{"emulator":{"name":"dataconnect"},"message":"E0428 21:57:56.488057   25764 watch.go:40] Failed to load config from \"c:\\\\Users\\\\ARCHANA PATEL\\\\Desktop\\\\doc clustering new 5\\\\dataconnect\": could not find dataconnect.yaml in `c:\\Users\\ARCHANA PATEL\\Desktop\\doc clustering new 5\\dataconnect`\n"}}
[debug] [2026-04-28T16:27:56.493Z] E0428 21:57:56.488057   25764 watch.go:116] watchAllDir unable to walk dir `c:\Users\ARCHANA PATEL\Desktop\doc clustering new 5\dataconnect`: GetFileAttributesEx c:\Users\ARCHANA PATEL\Desktop\doc clustering new 5\dataconnect: The system cannot find the file specified.
 {"metadata":{"emulator":{"name":"dataconnect"},"message":"E0428 21:57:56.488057   25764 watch.go:116] watchAllDir unable to walk dir `c:\\Users\\ARCHANA PATEL\\Desktop\\doc clustering new 5\\dataconnect`: GetFileAttributesEx c:\\Users\\ARCHANA PATEL\\Desktop\\doc clustering new 5\\dataconnect: The system cannot find the file specified.\n"}}
[debug] [2026-04-28T16:28:06.488Z] E0428 21:58:06.487798   25764 watch.go:40] Failed to load config from "c:\\Users\\ARCHANA PATEL\\Desktop\\doc clustering new 5\\dataconnect": could not find dataconnect.yaml in `c:\Users\ARCHANA PATEL\Desktop\doc clustering new 5\dataconnect`
 {"metadata":{"emulator":{"name":"dataconnect"},"message":"E0428 21:58:06.487798   25764 watch.go:40] Failed to load config from \"c:\\\\Users\\\\ARCHANA PATEL\\\\Desktop\\\\doc clustering new 5\\\\dataconnect\": could not find dataconnect.yaml in `c:\\Users\\ARCHANA PATEL\\Desktop\\doc clustering new 5\\dataconnect`\n"}}
[debug] [2026-04-28T16:28:16.487Z] E0428 21:58:16.487678   25764 watch.go:40] Failed to load config from "c:\\Users\\ARCHANA PATEL\\Desktop\\doc clustering new 5\\dataconnect": could not find dataconnect.yaml in `c:\Users\ARCHANA PATEL\Desktop\doc clustering new 5\dataconnect`
 {"metadata":{"emulator":{"name":"dataconnect"},"message":"E0428 21:58:16.487678   25764 watch.go:40] Failed to load config from \"c:\\\\Users\\\\ARCHANA PATEL\\\\Desktop\\\\doc clustering new 5\\\\dataconnect\": could not find dataconnect.yaml in `c:\\Users\\ARCHANA PATEL\\Desktop\\doc clustering new 5\\dataconnect`\n"}}
[debug] [2026-04-28T16:28:26.487Z] E0428 21:58:26.487316   25764 watch.go:40] Failed to load config from "c:\\Users\\ARCHANA PATEL\\Desktop\\doc clustering new 5\\dataconnect": could not find dataconnect.yaml in `c:\Users\ARCHANA PATEL\Desktop\doc clustering new 5\dataconnect`
 {"metadata":{"emulator":{"name":"dataconnect"},"message":"E0428 21:58:26.487316   25764 watch.go:40] Failed to load config from \"c:\\\\Users\\\\ARCHANA PATEL\\\\Desktop\\\\doc clustering new 5\\\\dataconnect\": could not find dataconnect.yaml in `c:\\Users\\ARCHANA PATEL\\Desktop\\doc clustering new 5\\dataconnect`\n"}}
[debug] [2026-04-28T16:28:36.489Z] E0428 21:58:36.488125   25764 watch.go:40] Failed to load config from "c:\\Users\\ARCHANA PATEL\\Desktop\\doc clustering new 5\\dataconnect": could not find dataconnect.yaml in `c:\Users\ARCHANA PATEL\Desktop\doc clustering new 5\dataconnect`
 {"metadata":{"emulator":{"name":"dataconnect"},"message":"E0428 21:58:36.488125   25764 watch.go:40] Failed to load config from \"c:\\\\Users\\\\ARCHANA PATEL\\\\Desktop\\\\doc clustering new 5\\\\dataconnect\": could not find dataconnect.yaml in `c:\\Users\\ARCHANA PATEL\\Desktop\\doc clustering new 5\\dataconnect`\n"}}
[debug] [2026-04-28T16:28:46.488Z] E0428 21:58:46.487838   25764 watch.go:40] Failed to load config from "c:\\Users\\ARCHANA PATEL\\Desktop\\doc clustering new 5\\dataconnect": could not find dataconnect.yaml in `c:\Users\ARCHANA PATEL\Desktop\doc clustering new 5\dataconnect`
 {"metadata":{"emulator":{"name":"dataconnect"},"message":"E0428 21:58:46.487838   25764 watch.go:40] Failed to load config from \"c:\\\\Users\\\\ARCHANA PATEL\\\\Desktop\\\\doc clustering new 5\\\\dataconnect\": could not find dataconnect.yaml in `c:\\Users\\ARCHANA PATEL\\Desktop\\doc clustering new 5\\dataconnect`\n"}}
[debug] [2026-04-28T16:28:56.488Z] E0428 21:58:56.488311   25764 watch.go:40] Failed to load config from "c:\\Users\\ARCHANA PATEL\\Desktop\\doc clustering new 5\\dataconnect": could not find dataconnect.yaml in `c:\Users\ARCHANA PATEL\Desktop\doc clustering new 5\dataconnect`
 {"metadata":{"emulator":{"name":"dataconnect"},"message":"E0428 21:58:56.488311   25764 watch.go:40] Failed to load config from \"c:\\\\Users\\\\ARCHANA PATEL\\\\Desktop\\\\doc clustering new 5\\\\dataconnect\": could not find dataconnect.yaml in `c:\\Users\\ARCHANA PATEL\\Desktop\\doc clustering new 5\\dataconnect`\n"}}
[debug] [2026-04-28T16:28:56.495Z] E0428 21:58:56.491244   25764 watch.go:116] watchAllDir unable to walk dir `c:\Users\ARCHANA PATEL\Desktop\doc clustering new 5\dataconnect`: GetFileAttributesEx c:\Users\ARCHANA PATEL\Desktop\doc clustering new 5\dataconnect: The system cannot find the file specified.
 {"metadata":{"emulator":{"name":"dataconnect"},"message":"E0428 21:58:56.491244   25764 watch.go:116] watchAllDir unable to walk dir `c:\\Users\\ARCHANA PATEL\\Desktop\\doc clustering new 5\\dataconnect`: GetFileAttributesEx c:\\Users\\ARCHANA PATEL\\Desktop\\doc clustering new 5\\dataconnect: The system cannot find the file specified.\n"}}
[debug] [2026-04-28T16:29:06.492Z] E0428 21:59:06.492819   25764 watch.go:40] Failed to load config from "c:\\Users\\ARCHANA PATEL\\Desktop\\doc clustering new 5\\dataconnect": could not find dataconnect.yaml in `c:\Users\ARCHANA PATEL\Desktop\doc clustering new 5\dataconnect`
 {"metadata":{"emulator":{"name":"dataconnect"},"message":"E0428 21:59:06.492819   25764 watch.go:40] Failed to load config from \"c:\\\\Users\\\\ARCHANA PATEL\\\\Desktop\\\\doc clustering new 5\\\\dataconnect\": could not find dataconnect.yaml in `c:\\Users\\ARCHANA PATEL\\Desktop\\doc clustering new 5\\dataconnect`\n"}}
[debug] [2026-04-28T16:29:16.488Z] E0428 21:59:16.488023   25764 watch.go:40] Failed to load config from "c:\\Users\\ARCHANA PATEL\\Desktop\\doc clustering new 5\\dataconnect": could not find dataconnect.yaml in `c:\Users\ARCHANA PATEL\Desktop\doc clustering new 5\dataconnect`
 {"metadata":{"emulator":{"name":"dataconnect"},"message":"E0428 21:59:16.488023   25764 watch.go:40] Failed to load config from \"c:\\\\Users\\\\ARCHANA PATEL\\\\Desktop\\\\doc clustering new 5\\\\dataconnect\": could not find dataconnect.yaml in `c:\\Users\\ARCHANA PATEL\\Desktop\\doc clustering new 5\\dataconnect`\n"}}
[debug] [2026-04-28T16:29:26.489Z] E0428 21:59:26.488992   25764 watch.go:40] Failed to load config from "c:\\Users\\ARCHANA PATEL\\Desktop\\doc clustering new 5\\dataconnect": could not find dataconnect.yaml in `c:\Users\ARCHANA PATEL\Desktop\doc clustering new 5\dataconnect`
 {"metadata":{"emulator":{"name":"dataconnect"},"message":"E0428 21:59:26.488992   25764 watch.go:40] Failed to load config from \"c:\\\\Users\\\\ARCHANA PATEL\\\\Desktop\\\\doc clustering new 5\\\\dataconnect\": could not find dataconnect.yaml in `c:\\Users\\ARCHANA PATEL\\Desktop\\doc clustering new 5\\dataconnect`\n"}}
[debug] [2026-04-28T16:29:36.490Z] E0428 21:59:36.487875   25764 watch.go:40] Failed to load config from "c:\\Users\\ARCHANA PATEL\\Desktop\\doc clustering new 5\\dataconnect": could not find dataconnect.yaml in `c:\Users\ARCHANA PATEL\Desktop\doc clustering new 5\dataconnect`
 {"metadata":{"emulator":{"name":"dataconnect"},"message":"E0428 21:59:36.487875   25764 watch.go:40] Failed to load config from \"c:\\\\Users\\\\ARCHANA PATEL\\\\Desktop\\\\doc clustering new 5\\\\dataconnect\": could not find dataconnect.yaml in `c:\\Users\\ARCHANA PATEL\\Desktop\\doc clustering new 5\\dataconnect`\n"}}
[debug] [2026-04-28T16:29:46.497Z] E0428 21:59:46.497074   25764 watch.go:40] Failed to load config from "c:\\Users\\ARCHANA PATEL\\Desktop\\doc clustering new 5\\dataconnect": could not find dataconnect.yaml in `c:\Users\ARCHANA PATEL\Desktop\doc clustering new 5\dataconnect`
 {"metadata":{"emulator":{"name":"dataconnect"},"message":"E0428 21:59:46.497074   25764 watch.go:40] Failed to load config from \"c:\\\\Users\\\\ARCHANA PATEL\\\\Desktop\\\\doc clustering new 5\\\\dataconnect\": could not find dataconnect.yaml in `c:\\Users\\ARCHANA PATEL\\Desktop\\doc clustering new 5\\dataconnect`\n"}}
[debug] [2026-04-28T16:29:56.489Z] E0428 21:59:56.490045   25764 watch.go:40] Failed to load config from "c:\\Users\\ARCHANA PATEL\\Desktop\\doc clustering new 5\\dataconnect": could not find dataconnect.yaml in `c:\Users\ARCHANA PATEL\Desktop\doc clustering new 5\dataconnect`
 {"metadata":{"emulator":{"name":"dataconnect"},"message":"E0428 21:59:56.490045   25764 watch.go:40] Failed to load config from \"c:\\\\Users\\\\ARCHANA PATEL\\\\Desktop\\\\doc clustering new 5\\\\dataconnect\": could not find dataconnect.yaml in `c:\\Users\\ARCHANA PATEL\\Desktop\\doc clustering new 5\\dataconnect`\n"}}
[debug] [2026-04-28T16:29:56.509Z] E0428 21:59:56.489517   25764 watch.go:116] watchAllDir unable to walk dir `c:\Users\ARCHANA PATEL\Desktop\doc clustering new 5\dataconnect`: GetFileAttributesEx c:\Users\ARCHANA PATEL\Desktop\doc clustering new 5\dataconnect: The system cannot find the file specified.
 {"metadata":{"emulator":{"name":"dataconnect"},"message":"E0428 21:59:56.489517   25764 watch.go:116] watchAllDir unable to walk dir `c:\\Users\\ARCHANA PATEL\\Desktop\\doc clustering new 5\\dataconnect`: GetFileAttributesEx c:\\Users\\ARCHANA PATEL\\Desktop\\doc clustering new 5\\dataconnect: The system cannot find the file specified.\n"}}
[debug] [2026-04-28T16:30:06.490Z] E0428 22:00:06.490962   25764 watch.go:40] Failed to load config from "c:\\Users\\ARCHANA PATEL\\Desktop\\doc clustering new 5\\dataconnect": could not find dataconnect.yaml in `c:\Users\ARCHANA PATEL\Desktop\doc clustering new 5\dataconnect`
 {"metadata":{"emulator":{"name":"dataconnect"},"message":"E0428 22:00:06.490962   25764 watch.go:40] Failed to load config from \"c:\\\\Users\\\\ARCHANA PATEL\\\\Desktop\\\\doc clustering new 5\\\\dataconnect\": could not find dataconnect.yaml in `c:\\Users\\ARCHANA PATEL\\Desktop\\doc clustering new 5\\dataconnect`\n"}}
[debug] [2026-04-28T16:30:16.489Z] E0428 22:00:16.489386   25764 watch.go:40] Failed to load config from "c:\\Users\\ARCHANA PATEL\\Desktop\\doc clustering new 5\\dataconnect": could not find dataconnect.yaml in `c:\Users\ARCHANA PATEL\Desktop\doc clustering new 5\dataconnect`
 {"metadata":{"emulator":{"name":"dataconnect"},"message":"E0428 22:00:16.489386   25764 watch.go:40] Failed to load config from \"c:\\\\Users\\\\ARCHANA PATEL\\\\Desktop\\\\doc clustering new 5\\\\dataconnect\": could not find dataconnect.yaml in `c:\\Users\\ARCHANA PATEL\\Desktop\\doc clustering new 5\\dataconnect`\n"}}
[debug] [2026-04-28T16:30:26.488Z] E0428 22:00:26.488898   25764 watch.go:40] Failed to load config from "c:\\Users\\ARCHANA PATEL\\Desktop\\doc clustering new 5\\dataconnect": could not find dataconnect.yaml in `c:\Users\ARCHANA PATEL\Desktop\doc clustering new 5\dataconnect`
 {"metadata":{"emulator":{"name":"dataconnect"},"message":"E0428 22:00:26.488898   25764 watch.go:40] Failed to load config from \"c:\\\\Users\\\\ARCHANA PATEL\\\\Desktop\\\\doc clustering new 5\\\\dataconnect\": could not find dataconnect.yaml in `c:\\Users\\ARCHANA PATEL\\Desktop\\doc clustering new 5\\dataconnect`\n"}}
[debug] [2026-04-28T16:30:36.488Z] E0428 22:00:36.488200   25764 watch.go:40] Failed to load config from "c:\\Users\\ARCHANA PATEL\\Desktop\\doc clustering new 5\\dataconnect": could not find dataconnect.yaml in `c:\Users\ARCHANA PATEL\Desktop\doc clustering new 5\dataconnect`
 {"metadata":{"emulator":{"name":"dataconnect"},"message":"E0428 22:00:36.488200   25764 watch.go:40] Failed to load config from \"c:\\\\Users\\\\ARCHANA PATEL\\\\Desktop\\\\doc clustering new 5\\\\dataconnect\": could not find dataconnect.yaml in `c:\\Users\\ARCHANA PATEL\\Desktop\\doc clustering new 5\\dataconnect`\n"}}
[debug] [2026-04-28T16:30:46.489Z] E0428 22:00:46.488668   25764 watch.go:40] Failed to load config from "c:\\Users\\ARCHANA PATEL\\Desktop\\doc clustering new 5\\dataconnect": could not find dataconnect.yaml in `c:\Users\ARCHANA PATEL\Desktop\doc clustering new 5\dataconnect`
 {"metadata":{"emulator":{"name":"dataconnect"},"message":"E0428 22:00:46.488668   25764 watch.go:40] Failed to load config from \"c:\\\\Users\\\\ARCHANA PATEL\\\\Desktop\\\\doc clustering new 5\\\\dataconnect\": could not find dataconnect.yaml in `c:\\Users\\ARCHANA PATEL\\Desktop\\doc clustering new 5\\dataconnect`\n"}}
[debug] [2026-04-28T16:30:56.489Z] E0428 22:00:56.489468   25764 watch.go:40] Failed to load config from "c:\\Users\\ARCHANA PATEL\\Desktop\\doc clustering new 5\\dataconnect": could not find dataconnect.yaml in `c:\Users\ARCHANA PATEL\Desktop\doc clustering new 5\dataconnect`
 {"metadata":{"emulator":{"name":"dataconnect"},"message":"E0428 22:00:56.489468   25764 watch.go:40] Failed to load config from \"c:\\\\Users\\\\ARCHANA PATEL\\\\Desktop\\\\doc clustering new 5\\\\dataconnect\": could not find dataconnect.yaml in `c:\\Users\\ARCHANA PATEL\\Desktop\\doc clustering new 5\\dataconnect`\n"}}
[debug] [2026-04-28T16:30:56.490Z] E0428 22:00:56.489078   25764 watch.go:116] watchAllDir unable to walk dir `c:\Users\ARCHANA PATEL\Desktop\doc clustering new 5\dataconnect`: GetFileAttributesEx c:\Users\ARCHANA PATEL\Desktop\doc clustering new 5\dataconnect: The system cannot find the file specified.
 {"metadata":{"emulator":{"name":"dataconnect"},"message":"E0428 22:00:56.489078   25764 watch.go:116] watchAllDir unable to walk dir `c:\\Users\\ARCHANA PATEL\\Desktop\\doc clustering new 5\\dataconnect`: GetFileAttributesEx c:\\Users\\ARCHANA PATEL\\Desktop\\doc clustering new 5\\dataconnect: The system cannot find the file specified.\n"}}
[debug] [2026-04-28T16:31:06.489Z] E0428 22:01:06.489309   25764 watch.go:40] Failed to load config from "c:\\Users\\ARCHANA PATEL\\Desktop\\doc clustering new 5\\dataconnect": could not find dataconnect.yaml in `c:\Users\ARCHANA PATEL\Desktop\doc clustering new 5\dataconnect`
 {"metadata":{"emulator":{"name":"dataconnect"},"message":"E0428 22:01:06.489309   25764 watch.go:40] Failed to load config from \"c:\\\\Users\\\\ARCHANA PATEL\\\\Desktop\\\\doc clustering new 5\\\\dataconnect\": could not find dataconnect.yaml in `c:\\Users\\ARCHANA PATEL\\Desktop\\doc clustering new 5\\dataconnect`\n"}}
[debug] [2026-04-28T16:31:16.489Z] E0428 22:01:16.488591   25764 watch.go:40] Failed to load config from "c:\\Users\\ARCHANA PATEL\\Desktop\\doc clustering new 5\\dataconnect": could not find dataconnect.yaml in `c:\Users\ARCHANA PATEL\Desktop\doc clustering new 5\dataconnect`
 {"metadata":{"emulator":{"name":"dataconnect"},"message":"E0428 22:01:16.488591   25764 watch.go:40] Failed to load config from \"c:\\\\Users\\\\ARCHANA PATEL\\\\Desktop\\\\doc clustering new 5\\\\dataconnect\": could not find dataconnect.yaml in `c:\\Users\\ARCHANA PATEL\\Desktop\\doc clustering new 5\\dataconnect`\n"}}
[debug] [2026-04-28T16:31:26.491Z] E0428 22:01:26.490772   25764 watch.go:40] Failed to load config from "c:\\Users\\ARCHANA PATEL\\Desktop\\doc clustering new 5\\dataconnect": could not find dataconnect.yaml in `c:\Users\ARCHANA PATEL\Desktop\doc clustering new 5\dataconnect`
 {"metadata":{"emulator":{"name":"dataconnect"},"message":"E0428 22:01:26.490772   25764 watch.go:40] Failed to load config from \"c:\\\\Users\\\\ARCHANA PATEL\\\\Desktop\\\\doc clustering new 5\\\\dataconnect\": could not find dataconnect.yaml in `c:\\Users\\ARCHANA PATEL\\Desktop\\doc clustering new 5\\dataconnect`\n"}}
[debug] [2026-04-28T16:31:36.488Z] E0428 22:01:36.488412   25764 watch.go:40] Failed to load config from "c:\\Users\\ARCHANA PATEL\\Desktop\\doc clustering new 5\\dataconnect": could not find dataconnect.yaml in `c:\Users\ARCHANA PATEL\Desktop\doc clustering new 5\dataconnect`
 {"metadata":{"emulator":{"name":"dataconnect"},"message":"E0428 22:01:36.488412   25764 watch.go:40] Failed to load config from \"c:\\\\Users\\\\ARCHANA PATEL\\\\Desktop\\\\doc clustering new 5\\\\dataconnect\": could not find dataconnect.yaml in `c:\\Users\\ARCHANA PATEL\\Desktop\\doc clustering new 5\\dataconnect`\n"}}
[debug] [2026-04-28T16:31:46.488Z] E0428 22:01:46.487654   25764 watch.go:40] Failed to load config from "c:\\Users\\ARCHANA PATEL\\Desktop\\doc clustering new 5\\dataconnect": could not find dataconnect.yaml in `c:\Users\ARCHANA PATEL\Desktop\doc clustering new 5\dataconnect`
 {"metadata":{"emulator":{"name":"dataconnect"},"message":"E0428 22:01:46.487654   25764 watch.go:40] Failed to load config from \"c:\\\\Users\\\\ARCHANA PATEL\\\\Desktop\\\\doc clustering new 5\\\\dataconnect\": could not find dataconnect.yaml in `c:\\Users\\ARCHANA PATEL\\Desktop\\doc clustering new 5\\dataconnect`\n"}}
[debug] [2026-04-28T16:31:56.488Z] E0428 22:01:56.487517   25764 watch.go:116] watchAllDir unable to walk dir `c:\Users\ARCHANA PATEL\Desktop\doc clustering new 5\dataconnect`: GetFileAttributesEx c:\Users\ARCHANA PATEL\Desktop\doc clustering new 5\dataconnect: The system cannot find the file specified.
 {"metadata":{"emulator":{"name":"dataconnect"},"message":"E0428 22:01:56.487517   25764 watch.go:116] watchAllDir unable to walk dir `c:\\Users\\ARCHANA PATEL\\Desktop\\doc clustering new 5\\dataconnect`: GetFileAttributesEx c:\\Users\\ARCHANA PATEL\\Desktop\\doc clustering new 5\\dataconnect: The system cannot find the file specified.\n"}}
[debug] [2026-04-28T16:31:56.492Z] E0428 22:01:56.490386   25764 watch.go:40] Failed to load config from "c:\\Users\\ARCHANA PATEL\\Desktop\\doc clustering new 5\\dataconnect": could not find dataconnect.yaml in `c:\Users\ARCHANA PATEL\Desktop\doc clustering new 5\dataconnect`
 {"metadata":{"emulator":{"name":"dataconnect"},"message":"E0428 22:01:56.490386   25764 watch.go:40] Failed to load config from \"c:\\\\Users\\\\ARCHANA PATEL\\\\Desktop\\\\doc clustering new 5\\\\dataconnect\": could not find dataconnect.yaml in `c:\\Users\\ARCHANA PATEL\\Desktop\\doc clustering new 5\\dataconnect`\n"}}
[debug] [2026-04-28T16:32:06.489Z] E0428 22:02:06.488992   25764 watch.go:40] Failed to load config from "c:\\Users\\ARCHANA PATEL\\Desktop\\doc clustering new 5\\dataconnect": could not find dataconnect.yaml in `c:\Users\ARCHANA PATEL\Desktop\doc clustering new 5\dataconnect`
 {"metadata":{"emulator":{"name":"dataconnect"},"message":"E0428 22:02:06.488992   25764 watch.go:40] Failed to load config from \"c:\\\\Users\\\\ARCHANA PATEL\\\\Desktop\\\\doc clustering new 5\\\\dataconnect\": could not find dataconnect.yaml in `c:\\Users\\ARCHANA PATEL\\Desktop\\doc clustering new 5\\dataconnect`\n"}}
[debug] [2026-04-28T16:32:16.488Z] E0428 22:02:16.487972   25764 watch.go:40] Failed to load config from "c:\\Users\\ARCHANA PATEL\\Desktop\\doc clustering new 5\\dataconnect": could not find dataconnect.yaml in `c:\Users\ARCHANA PATEL\Desktop\doc clustering new 5\dataconnect`
 {"metadata":{"emulator":{"name":"dataconnect"},"message":"E0428 22:02:16.487972   25764 watch.go:40] Failed to load config from \"c:\\\\Users\\\\ARCHANA PATEL\\\\Desktop\\\\doc clustering new 5\\\\dataconnect\": could not find dataconnect.yaml in `c:\\Users\\ARCHANA PATEL\\Desktop\\doc clustering new 5\\dataconnect`\n"}}
[debug] [2026-04-28T16:32:26.488Z] E0428 22:02:26.487854   25764 watch.go:40] Failed to load config from "c:\\Users\\ARCHANA PATEL\\Desktop\\doc clustering new 5\\dataconnect": could not find dataconnect.yaml in `c:\Users\ARCHANA PATEL\Desktop\doc clustering new 5\dataconnect`
 {"metadata":{"emulator":{"name":"dataconnect"},"message":"E0428 22:02:26.487854   25764 watch.go:40] Failed to load config from \"c:\\\\Users\\\\ARCHANA PATEL\\\\Desktop\\\\doc clustering new 5\\\\dataconnect\": could not find dataconnect.yaml in `c:\\Users\\ARCHANA PATEL\\Desktop\\doc clustering new 5\\dataconnect`\n"}}
[debug] [2026-04-28T16:32:36.487Z] E0428 22:02:36.487436   25764 watch.go:40] Failed to load config from "c:\\Users\\ARCHANA PATEL\\Desktop\\doc clustering new 5\\dataconnect": could not find dataconnect.yaml in `c:\Users\ARCHANA PATEL\Desktop\doc clustering new 5\dataconnect`
 {"metadata":{"emulator":{"name":"dataconnect"},"message":"E0428 22:02:36.487436   25764 watch.go:40] Failed to load config from \"c:\\\\Users\\\\ARCHANA PATEL\\\\Desktop\\\\doc clustering new 5\\\\dataconnect\": could not find dataconnect.yaml in `c:\\Users\\ARCHANA PATEL\\Desktop\\doc clustering new 5\\dataconnect`\n"}}
[debug] [2026-04-28T16:32:46.488Z] E0428 22:02:46.487735   25764 watch.go:40] Failed to load config from "c:\\Users\\ARCHANA PATEL\\Desktop\\doc clustering new 5\\dataconnect": could not find dataconnect.yaml in `c:\Users\ARCHANA PATEL\Desktop\doc clustering new 5\dataconnect`
 {"metadata":{"emulator":{"name":"dataconnect"},"message":"E0428 22:02:46.487735   25764 watch.go:40] Failed to load config from \"c:\\\\Users\\\\ARCHANA PATEL\\\\Desktop\\\\doc clustering new 5\\\\dataconnect\": could not find dataconnect.yaml in `c:\\Users\\ARCHANA PATEL\\Desktop\\doc clustering new 5\\dataconnect`\n"}}
[debug] [2026-04-28T16:32:56.489Z] E0428 22:02:56.488650   25764 watch.go:40] Failed to load config from "c:\\Users\\ARCHANA PATEL\\Desktop\\doc clustering new 5\\dataconnect": could not find dataconnect.yaml in `c:\Users\ARCHANA PATEL\Desktop\doc clustering new 5\dataconnect`
 {"metadata":{"emulator":{"name":"dataconnect"},"message":"E0428 22:02:56.488650   25764 watch.go:40] Failed to load config from \"c:\\\\Users\\\\ARCHANA PATEL\\\\Desktop\\\\doc clustering new 5\\\\dataconnect\": could not find dataconnect.yaml in `c:\\Users\\ARCHANA PATEL\\Desktop\\doc clustering new 5\\dataconnect`\n"}}
[debug] [2026-04-28T16:32:56.490Z] E0428 22:02:56.487868   25764 watch.go:116] watchAllDir unable to walk dir `c:\Users\ARCHANA PATEL\Desktop\doc clustering new 5\dataconnect`: GetFileAttributesEx c:\Users\ARCHANA PATEL\Desktop\doc clustering new 5\dataconnect: The system cannot find the file specified.
 {"metadata":{"emulator":{"name":"dataconnect"},"message":"E0428 22:02:56.487868   25764 watch.go:116] watchAllDir unable to walk dir `c:\\Users\\ARCHANA PATEL\\Desktop\\doc clustering new 5\\dataconnect`: GetFileAttributesEx c:\\Users\\ARCHANA PATEL\\Desktop\\doc clustering new 5\\dataconnect: The system cannot find the file specified.\n"}}
[debug] [2026-04-28T16:33:06.489Z] E0428 22:03:06.488092   25764 watch.go:40] Failed to load config from "c:\\Users\\ARCHANA PATEL\\Desktop\\doc clustering new 5\\dataconnect": could not find dataconnect.yaml in `c:\Users\ARCHANA PATEL\Desktop\doc clustering new 5\dataconnect`
 {"metadata":{"emulator":{"name":"dataconnect"},"message":"E0428 22:03:06.488092   25764 watch.go:40] Failed to load config from \"c:\\\\Users\\\\ARCHANA PATEL\\\\Desktop\\\\doc clustering new 5\\\\dataconnect\": could not find dataconnect.yaml in `c:\\Users\\ARCHANA PATEL\\Desktop\\doc clustering new 5\\dataconnect`\n"}}
[debug] [2026-04-28T16:33:16.498Z] E0428 22:03:16.497741   25764 watch.go:40] Failed to load config from "c:\\Users\\ARCHANA PATEL\\Desktop\\doc clustering new 5\\dataconnect": could not find dataconnect.yaml in `c:\Users\ARCHANA PATEL\Desktop\doc clustering new 5\dataconnect`
 {"metadata":{"emulator":{"name":"dataconnect"},"message":"E0428 22:03:16.497741   25764 watch.go:40] Failed to load config from \"c:\\\\Users\\\\ARCHANA PATEL\\\\Desktop\\\\doc clustering new 5\\\\dataconnect\": could not find dataconnect.yaml in `c:\\Users\\ARCHANA PATEL\\Desktop\\doc clustering new 5\\dataconnect`\n"}}
[debug] [2026-04-28T16:33:26.500Z] E0428 22:03:26.500476   25764 watch.go:40] Failed to load config from "c:\\Users\\ARCHANA PATEL\\Desktop\\doc clustering new 5\\dataconnect": could not find dataconnect.yaml in `c:\Users\ARCHANA PATEL\Desktop\doc clustering new 5\dataconnect`
 {"metadata":{"emulator":{"name":"dataconnect"},"message":"E0428 22:03:26.500476   25764 watch.go:40] Failed to load config from \"c:\\\\Users\\\\ARCHANA PATEL\\\\Desktop\\\\doc clustering new 5\\\\dataconnect\": could not find dataconnect.yaml in `c:\\Users\\ARCHANA PATEL\\Desktop\\doc clustering new 5\\dataconnect`\n"}}
[debug] [2026-04-28T16:33:36.489Z] E0428 22:03:36.488041   25764 watch.go:40] Failed to load config from "c:\\Users\\ARCHANA PATEL\\Desktop\\doc clustering new 5\\dataconnect": could not find dataconnect.yaml in `c:\Users\ARCHANA PATEL\Desktop\doc clustering new 5\dataconnect`
 {"metadata":{"emulator":{"name":"dataconnect"},"message":"E0428 22:03:36.488041   25764 watch.go:40] Failed to load config from \"c:\\\\Users\\\\ARCHANA PATEL\\\\Desktop\\\\doc clustering new 5\\\\dataconnect\": could not find dataconnect.yaml in `c:\\Users\\ARCHANA PATEL\\Desktop\\doc clustering new 5\\dataconnect`\n"}}
[debug] [2026-04-28T16:33:46.487Z] E0428 22:03:46.487654   25764 watch.go:40] Failed to load config from "c:\\Users\\ARCHANA PATEL\\Desktop\\doc clustering new 5\\dataconnect": could not find dataconnect.yaml in `c:\Users\ARCHANA PATEL\Desktop\doc clustering new 5\dataconnect`
 {"metadata":{"emulator":{"name":"dataconnect"},"message":"E0428 22:03:46.487654   25764 watch.go:40] Failed to load config from \"c:\\\\Users\\\\ARCHANA PATEL\\\\Desktop\\\\doc clustering new 5\\\\dataconnect\": could not find dataconnect.yaml in `c:\\Users\\ARCHANA PATEL\\Desktop\\doc clustering new 5\\dataconnect`\n"}}
[debug] [2026-04-28T16:33:56.488Z] E0428 22:03:56.487808   25764 watch.go:116] watchAllDir unable to walk dir `c:\Users\ARCHANA PATEL\Desktop\doc clustering new 5\dataconnect`: GetFileAttributesEx c:\Users\ARCHANA PATEL\Desktop\doc clustering new 5\dataconnect: The system cannot find the file specified.
E0428 22:03:56.488599   25764 watch.go:40] Failed to load config from "c:\\Users\\ARCHANA PATEL\\Desktop\\doc clustering new 5\\dataconnect": could not find dataconnect.yaml in `c:\Users\ARCHANA PATEL\Desktop\doc clustering new 5\dataconnect`
 {"metadata":{"emulator":{"name":"dataconnect"},"message":"E0428 22:03:56.487808   25764 watch.go:116] watchAllDir unable to walk dir `c:\\Users\\ARCHANA PATEL\\Desktop\\doc clustering new 5\\dataconnect`: GetFileAttributesEx c:\\Users\\ARCHANA PATEL\\Desktop\\doc clustering new 5\\dataconnect: The system cannot find the file specified.\nE0428 22:03:56.488599   25764 watch.go:40] Failed to load config from \"c:\\\\Users\\\\ARCHANA PATEL\\\\Desktop\\\\doc clustering new 5\\\\dataconnect\": could not find dataconnect.yaml in `c:\\Users\\ARCHANA PATEL\\Desktop\\doc clustering new 5\\dataconnect`\n"}}
[debug] [2026-04-28T16:34:06.489Z] E0428 22:04:06.488586   25764 watch.go:40] Failed to load config from "c:\\Users\\ARCHANA PATEL\\Desktop\\doc clustering new 5\\dataconnect": could not find dataconnect.yaml in `c:\Users\ARCHANA PATEL\Desktop\doc clustering new 5\dataconnect`
 {"metadata":{"emulator":{"name":"dataconnect"},"message":"E0428 22:04:06.488586   25764 watch.go:40] Failed to load config from \"c:\\\\Users\\\\ARCHANA PATEL\\\\Desktop\\\\doc clustering new 5\\\\dataconnect\": could not find dataconnect.yaml in `c:\\Users\\ARCHANA PATEL\\Desktop\\doc clustering new 5\\dataconnect`\n"}}
[debug] [2026-04-28T16:34:16.488Z] E0428 22:04:16.487633   25764 watch.go:40] Failed to load config from "c:\\Users\\ARCHANA PATEL\\Desktop\\doc clustering new 5\\dataconnect": could not find dataconnect.yaml in `c:\Users\ARCHANA PATEL\Desktop\doc clustering new 5\dataconnect`
 {"metadata":{"emulator":{"name":"dataconnect"},"message":"E0428 22:04:16.487633   25764 watch.go:40] Failed to load config from \"c:\\\\Users\\\\ARCHANA PATEL\\\\Desktop\\\\doc clustering new 5\\\\dataconnect\": could not find dataconnect.yaml in `c:\\Users\\ARCHANA PATEL\\Desktop\\doc clustering new 5\\dataconnect`\n"}}
[debug] [2026-04-28T16:34:26.489Z] E0428 22:04:26.487859   25764 watch.go:40] Failed to load config from "c:\\Users\\ARCHANA PATEL\\Desktop\\doc clustering new 5\\dataconnect": could not find dataconnect.yaml in `c:\Users\ARCHANA PATEL\Desktop\doc clustering new 5\dataconnect`
 {"metadata":{"emulator":{"name":"dataconnect"},"message":"E0428 22:04:26.487859   25764 watch.go:40] Failed to load config from \"c:\\\\Users\\\\ARCHANA PATEL\\\\Desktop\\\\doc clustering new 5\\\\dataconnect\": could not find dataconnect.yaml in `c:\\Users\\ARCHANA PATEL\\Desktop\\doc clustering new 5\\dataconnect`\n"}}
[debug] [2026-04-28T16:34:36.489Z] E0428 22:04:36.488445   25764 watch.go:40] Failed to load config from "c:\\Users\\ARCHANA PATEL\\Desktop\\doc clustering new 5\\dataconnect": could not find dataconnect.yaml in `c:\Users\ARCHANA PATEL\Desktop\doc clustering new 5\dataconnect`
 {"metadata":{"emulator":{"name":"dataconnect"},"message":"E0428 22:04:36.488445   25764 watch.go:40] Failed to load config from \"c:\\\\Users\\\\ARCHANA PATEL\\\\Desktop\\\\doc clustering new 5\\\\dataconnect\": could not find dataconnect.yaml in `c:\\Users\\ARCHANA PATEL\\Desktop\\doc clustering new 5\\dataconnect`\n"}}
[debug] [2026-04-28T16:34:46.491Z] E0428 22:04:46.489926   25764 watch.go:40] Failed to load config from "c:\\Users\\ARCHANA PATEL\\Desktop\\doc clustering new 5\\dataconnect": could not find dataconnect.yaml in `c:\Users\ARCHANA PATEL\Desktop\doc clustering new 5\dataconnect`
 {"metadata":{"emulator":{"name":"dataconnect"},"message":"E0428 22:04:46.489926   25764 watch.go:40] Failed to load config from \"c:\\\\Users\\\\ARCHANA PATEL\\\\Desktop\\\\doc clustering new 5\\\\dataconnect\": could not find dataconnect.yaml in `c:\\Users\\ARCHANA PATEL\\Desktop\\doc clustering new 5\\dataconnect`\n"}}
[debug] [2026-04-28T16:34:56.486Z] E0428 22:04:56.488086   25764 watch.go:40] Failed to load config from "c:\\Users\\ARCHANA PATEL\\Desktop\\doc clustering new 5\\dataconnect": could not find dataconnect.yaml in `c:\Users\ARCHANA PATEL\Desktop\doc clustering new 5\dataconnect`
 {"metadata":{"emulator":{"name":"dataconnect"},"message":"E0428 22:04:56.488086   25764 watch.go:40] Failed to load config from \"c:\\\\Users\\\\ARCHANA PATEL\\\\Desktop\\\\doc clustering new 5\\\\dataconnect\": could not find dataconnect.yaml in `c:\\Users\\ARCHANA PATEL\\Desktop\\doc clustering new 5\\dataconnect`\n"}}
[debug] [2026-04-28T16:34:56.502Z] E0428 22:04:56.488086   25764 watch.go:116] watchAllDir unable to walk dir `c:\Users\ARCHANA PATEL\Desktop\doc clustering new 5\dataconnect`: GetFileAttributesEx c:\Users\ARCHANA PATEL\Desktop\doc clustering new 5\dataconnect: The system cannot find the file specified.
 {"metadata":{"emulator":{"name":"dataconnect"},"message":"E0428 22:04:56.488086   25764 watch.go:116] watchAllDir unable to walk dir `c:\\Users\\ARCHANA PATEL\\Desktop\\doc clustering new 5\\dataconnect`: GetFileAttributesEx c:\\Users\\ARCHANA PATEL\\Desktop\\doc clustering new 5\\dataconnect: The system cannot find the file specified.\n"}}
[debug] [2026-04-28T16:35:06.491Z] E0428 22:05:06.492279   25764 watch.go:40] Failed to load config from "c:\\Users\\ARCHANA PATEL\\Desktop\\doc clustering new 5\\dataconnect": could not find dataconnect.yaml in `c:\Users\ARCHANA PATEL\Desktop\doc clustering new 5\dataconnect`
 {"metadata":{"emulator":{"name":"dataconnect"},"message":"E0428 22:05:06.492279   25764 watch.go:40] Failed to load config from \"c:\\\\Users\\\\ARCHANA PATEL\\\\Desktop\\\\doc clustering new 5\\\\dataconnect\": could not find dataconnect.yaml in `c:\\Users\\ARCHANA PATEL\\Desktop\\doc clustering new 5\\dataconnect`\n"}}
[debug] [2026-04-28T16:35:16.486Z] E0428 22:05:16.487413   25764 watch.go:40] Failed to load config from "c:\\Users\\ARCHANA PATEL\\Desktop\\doc clustering new 5\\dataconnect": could not find dataconnect.yaml in `c:\Users\ARCHANA PATEL\Desktop\doc clustering new 5\dataconnect`
 {"metadata":{"emulator":{"name":"dataconnect"},"message":"E0428 22:05:16.487413   25764 watch.go:40] Failed to load config from \"c:\\\\Users\\\\ARCHANA PATEL\\\\Desktop\\\\doc clustering new 5\\\\dataconnect\": could not find dataconnect.yaml in `c:\\Users\\ARCHANA PATEL\\Desktop\\doc clustering new 5\\dataconnect`\n"}}
[debug] [2026-04-28T16:35:26.487Z] E0428 22:05:26.488443   25764 watch.go:40] Failed to load config from "c:\\Users\\ARCHANA PATEL\\Desktop\\doc clustering new 5\\dataconnect": could not find dataconnect.yaml in `c:\Users\ARCHANA PATEL\Desktop\doc clustering new 5\dataconnect`
 {"metadata":{"emulator":{"name":"dataconnect"},"message":"E0428 22:05:26.488443   25764 watch.go:40] Failed to load config from \"c:\\\\Users\\\\ARCHANA PATEL\\\\Desktop\\\\doc clustering new 5\\\\dataconnect\": could not find dataconnect.yaml in `c:\\Users\\ARCHANA PATEL\\Desktop\\doc clustering new 5\\dataconnect`\n"}}
[debug] [2026-04-28T16:35:36.488Z] E0428 22:05:36.489851   25764 watch.go:40] Failed to load config from "c:\\Users\\ARCHANA PATEL\\Desktop\\doc clustering new 5\\dataconnect": could not find dataconnect.yaml in `c:\Users\ARCHANA PATEL\Desktop\doc clustering new 5\dataconnect`
 {"metadata":{"emulator":{"name":"dataconnect"},"message":"E0428 22:05:36.489851   25764 watch.go:40] Failed to load config from \"c:\\\\Users\\\\ARCHANA PATEL\\\\Desktop\\\\doc clustering new 5\\\\dataconnect\": could not find dataconnect.yaml in `c:\\Users\\ARCHANA PATEL\\Desktop\\doc clustering new 5\\dataconnect`\n"}}
[debug] [2026-04-28T16:35:46.490Z] E0428 22:05:46.489729   25764 watch.go:40] Failed to load config from "c:\\Users\\ARCHANA PATEL\\Desktop\\doc clustering new 5\\dataconnect": could not find dataconnect.yaml in `c:\Users\ARCHANA PATEL\Desktop\doc clustering new 5\dataconnect`
 {"metadata":{"emulator":{"name":"dataconnect"},"message":"E0428 22:05:46.489729   25764 watch.go:40] Failed to load config from \"c:\\\\Users\\\\ARCHANA PATEL\\\\Desktop\\\\doc clustering new 5\\\\dataconnect\": could not find dataconnect.yaml in `c:\\Users\\ARCHANA PATEL\\Desktop\\doc clustering new 5\\dataconnect`\n"}}
[debug] [2026-04-28T16:35:56.489Z] E0428 22:05:56.488303   25764 watch.go:116] watchAllDir unable to walk dir `c:\Users\ARCHANA PATEL\Desktop\doc clustering new 5\dataconnect`: GetFileAttributesEx c:\Users\ARCHANA PATEL\Desktop\doc clustering new 5\dataconnect: The system cannot find the file specified.
 {"metadata":{"emulator":{"name":"dataconnect"},"message":"E0428 22:05:56.488303   25764 watch.go:116] watchAllDir unable to walk dir `c:\\Users\\ARCHANA PATEL\\Desktop\\doc clustering new 5\\dataconnect`: GetFileAttributesEx c:\\Users\\ARCHANA PATEL\\Desktop\\doc clustering new 5\\dataconnect: The system cannot find the file specified.\n"}}
[debug] [2026-04-28T16:35:56.500Z] E0428 22:05:56.488303   25764 watch.go:40] Failed to load config from "c:\\Users\\ARCHANA PATEL\\Desktop\\doc clustering new 5\\dataconnect": could not find dataconnect.yaml in `c:\Users\ARCHANA PATEL\Desktop\doc clustering new 5\dataconnect`
 {"metadata":{"emulator":{"name":"dataconnect"},"message":"E0428 22:05:56.488303   25764 watch.go:40] Failed to load config from \"c:\\\\Users\\\\ARCHANA PATEL\\\\Desktop\\\\doc clustering new 5\\\\dataconnect\": could not find dataconnect.yaml in `c:\\Users\\ARCHANA PATEL\\Desktop\\doc clustering new 5\\dataconnect`\n"}}
[debug] [2026-04-28T16:36:06.489Z] E0428 22:06:06.488658   25764 watch.go:40] Failed to load config from "c:\\Users\\ARCHANA PATEL\\Desktop\\doc clustering new 5\\dataconnect": could not find dataconnect.yaml in `c:\Users\ARCHANA PATEL\Desktop\doc clustering new 5\dataconnect`
 {"metadata":{"emulator":{"name":"dataconnect"},"message":"E0428 22:06:06.488658   25764 watch.go:40] Failed to load config from \"c:\\\\Users\\\\ARCHANA PATEL\\\\Desktop\\\\doc clustering new 5\\\\dataconnect\": could not find dataconnect.yaml in `c:\\Users\\ARCHANA PATEL\\Desktop\\doc clustering new 5\\dataconnect`\n"}}
[debug] [2026-04-28T16:36:16.494Z] E0428 22:06:16.493890   25764 watch.go:40] Failed to load config from "c:\\Users\\ARCHANA PATEL\\Desktop\\doc clustering new 5\\dataconnect": could not find dataconnect.yaml in `c:\Users\ARCHANA PATEL\Desktop\doc clustering new 5\dataconnect`
 {"metadata":{"emulator":{"name":"dataconnect"},"message":"E0428 22:06:16.493890   25764 watch.go:40] Failed to load config from \"c:\\\\Users\\\\ARCHANA PATEL\\\\Desktop\\\\doc clustering new 5\\\\dataconnect\": could not find dataconnect.yaml in `c:\\Users\\ARCHANA PATEL\\Desktop\\doc clustering new 5\\dataconnect`\n"}}
[debug] [2026-04-28T16:36:26.488Z] E0428 22:06:26.488457   25764 watch.go:40] Failed to load config from "c:\\Users\\ARCHANA PATEL\\Desktop\\doc clustering new 5\\dataconnect": could not find dataconnect.yaml in `c:\Users\ARCHANA PATEL\Desktop\doc clustering new 5\dataconnect`
 {"metadata":{"emulator":{"name":"dataconnect"},"message":"E0428 22:06:26.488457   25764 watch.go:40] Failed to load config from \"c:\\\\Users\\\\ARCHANA PATEL\\\\Desktop\\\\doc clustering new 5\\\\dataconnect\": could not find dataconnect.yaml in `c:\\Users\\ARCHANA PATEL\\Desktop\\doc clustering new 5\\dataconnect`\n"}}
[debug] [2026-04-28T16:36:36.489Z] E0428 22:06:36.488462   25764 watch.go:40] Failed to load config from "c:\\Users\\ARCHANA PATEL\\Desktop\\doc clustering new 5\\dataconnect": could not find dataconnect.yaml in `c:\Users\ARCHANA PATEL\Desktop\doc clustering new 5\dataconnect`
 {"metadata":{"emulator":{"name":"dataconnect"},"message":"E0428 22:06:36.488462   25764 watch.go:40] Failed to load config from \"c:\\\\Users\\\\ARCHANA PATEL\\\\Desktop\\\\doc clustering new 5\\\\dataconnect\": could not find dataconnect.yaml in `c:\\Users\\ARCHANA PATEL\\Desktop\\doc clustering new 5\\dataconnect`\n"}}
[debug] [2026-04-28T16:36:46.487Z] E0428 22:06:46.487381   25764 watch.go:40] Failed to load config from "c:\\Users\\ARCHANA PATEL\\Desktop\\doc clustering new 5\\dataconnect": could not find dataconnect.yaml in `c:\Users\ARCHANA PATEL\Desktop\doc clustering new 5\dataconnect`
 {"metadata":{"emulator":{"name":"dataconnect"},"message":"E0428 22:06:46.487381   25764 watch.go:40] Failed to load config from \"c:\\\\Users\\\\ARCHANA PATEL\\\\Desktop\\\\doc clustering new 5\\\\dataconnect\": could not find dataconnect.yaml in `c:\\Users\\ARCHANA PATEL\\Desktop\\doc clustering new 5\\dataconnect`\n"}}
[debug] [2026-04-28T16:36:56.488Z] E0428 22:06:56.488396   25764 watch.go:40] Failed to load config from "c:\\Users\\ARCHANA PATEL\\Desktop\\doc clustering new 5\\dataconnect": could not find dataconnect.yaml in `c:\Users\ARCHANA PATEL\Desktop\doc clustering new 5\dataconnect`
E0428 22:06:56.487975   25764 watch.go:116] watchAllDir unable to walk dir `c:\Users\ARCHANA PATEL\Desktop\doc clustering new 5\dataconnect`: GetFileAttributesEx c:\Users\ARCHANA PATEL\Desktop\doc clustering new 5\dataconnect: The system cannot find the file specified.
 {"metadata":{"emulator":{"name":"dataconnect"},"message":"E0428 22:06:56.488396   25764 watch.go:40] Failed to load config from \"c:\\\\Users\\\\ARCHANA PATEL\\\\Desktop\\\\doc clustering new 5\\\\dataconnect\": could not find dataconnect.yaml in `c:\\Users\\ARCHANA PATEL\\Desktop\\doc clustering new 5\\dataconnect`\nE0428 22:06:56.487975   25764 watch.go:116] watchAllDir unable to walk dir `c:\\Users\\ARCHANA PATEL\\Desktop\\doc clustering new 5\\dataconnect`: GetFileAttributesEx c:\\Users\\ARCHANA PATEL\\Desktop\\doc clustering new 5\\dataconnect: The system cannot find the file specified.\n"}}
[debug] [2026-04-28T16:37:06.489Z] E0428 22:07:06.489422   25764 watch.go:40] Failed to load config from "c:\\Users\\ARCHANA PATEL\\Desktop\\doc clustering new 5\\dataconnect": could not find dataconnect.yaml in `c:\Users\ARCHANA PATEL\Desktop\doc clustering new 5\dataconnect`
 {"metadata":{"emulator":{"name":"dataconnect"},"message":"E0428 22:07:06.489422   25764 watch.go:40] Failed to load config from \"c:\\\\Users\\\\ARCHANA PATEL\\\\Desktop\\\\doc clustering new 5\\\\dataconnect\": could not find dataconnect.yaml in `c:\\Users\\ARCHANA PATEL\\Desktop\\doc clustering new 5\\dataconnect`\n"}}
[debug] [2026-04-28T16:37:16.490Z] E0428 22:07:16.488486   25764 watch.go:40] Failed to load config from "c:\\Users\\ARCHANA PATEL\\Desktop\\doc clustering new 5\\dataconnect": could not find dataconnect.yaml in `c:\Users\ARCHANA PATEL\Desktop\doc clustering new 5\dataconnect`
 {"metadata":{"emulator":{"name":"dataconnect"},"message":"E0428 22:07:16.488486   25764 watch.go:40] Failed to load config from \"c:\\\\Users\\\\ARCHANA PATEL\\\\Desktop\\\\doc clustering new 5\\\\dataconnect\": could not find dataconnect.yaml in `c:\\Users\\ARCHANA PATEL\\Desktop\\doc clustering new 5\\dataconnect`\n"}}
[debug] [2026-04-28T16:37:26.489Z] E0428 22:07:26.489605   25764 watch.go:40] Failed to load config from "c:\\Users\\ARCHANA PATEL\\Desktop\\doc clustering new 5\\dataconnect": could not find dataconnect.yaml in `c:\Users\ARCHANA PATEL\Desktop\doc clustering new 5\dataconnect`
 {"metadata":{"emulator":{"name":"dataconnect"},"message":"E0428 22:07:26.489605   25764 watch.go:40] Failed to load config from \"c:\\\\Users\\\\ARCHANA PATEL\\\\Desktop\\\\doc clustering new 5\\\\dataconnect\": could not find dataconnect.yaml in `c:\\Users\\ARCHANA PATEL\\Desktop\\doc clustering new 5\\dataconnect`\n"}}
[debug] [2026-04-28T16:37:36.487Z] E0428 22:07:36.487666   25764 watch.go:40] Failed to load config from "c:\\Users\\ARCHANA PATEL\\Desktop\\doc clustering new 5\\dataconnect": could not find dataconnect.yaml in `c:\Users\ARCHANA PATEL\Desktop\doc clustering new 5\dataconnect`
 {"metadata":{"emulator":{"name":"dataconnect"},"message":"E0428 22:07:36.487666   25764 watch.go:40] Failed to load config from \"c:\\\\Users\\\\ARCHANA PATEL\\\\Desktop\\\\doc clustering new 5\\\\dataconnect\": could not find dataconnect.yaml in `c:\\Users\\ARCHANA PATEL\\Desktop\\doc clustering new 5\\dataconnect`\n"}}
[debug] [2026-04-28T16:37:46.487Z] E0428 22:07:46.487895   25764 watch.go:40] Failed to load config from "c:\\Users\\ARCHANA PATEL\\Desktop\\doc clustering new 5\\dataconnect": could not find dataconnect.yaml in `c:\Users\ARCHANA PATEL\Desktop\doc clustering new 5\dataconnect`
 {"metadata":{"emulator":{"name":"dataconnect"},"message":"E0428 22:07:46.487895   25764 watch.go:40] Failed to load config from \"c:\\\\Users\\\\ARCHANA PATEL\\\\Desktop\\\\doc clustering new 5\\\\dataconnect\": could not find dataconnect.yaml in `c:\\Users\\ARCHANA PATEL\\Desktop\\doc clustering new 5\\dataconnect`\n"}}
[debug] [2026-04-28T16:37:56.487Z] E0428 22:07:56.487797   25764 watch.go:116] watchAllDir unable to walk dir `c:\Users\ARCHANA PATEL\Desktop\doc clustering new 5\dataconnect`: GetFileAttributesEx c:\Users\ARCHANA PATEL\Desktop\doc clustering new 5\dataconnect: The system cannot find the file specified.
 {"metadata":{"emulator":{"name":"dataconnect"},"message":"E0428 22:07:56.487797   25764 watch.go:116] watchAllDir unable to walk dir `c:\\Users\\ARCHANA PATEL\\Desktop\\doc clustering new 5\\dataconnect`: GetFileAttributesEx c:\\Users\\ARCHANA PATEL\\Desktop\\doc clustering new 5\\dataconnect: The system cannot find the file specified.\n"}}
[debug] [2026-04-28T16:37:56.499Z] E0428 22:07:56.487797   25764 watch.go:40] Failed to load config from "c:\\Users\\ARCHANA PATEL\\Desktop\\doc clustering new 5\\dataconnect": could not find dataconnect.yaml in `c:\Users\ARCHANA PATEL\Desktop\doc clustering new 5\dataconnect`
 {"metadata":{"emulator":{"name":"dataconnect"},"message":"E0428 22:07:56.487797   25764 watch.go:40] Failed to load config from \"c:\\\\Users\\\\ARCHANA PATEL\\\\Desktop\\\\doc clustering new 5\\\\dataconnect\": could not find dataconnect.yaml in `c:\\Users\\ARCHANA PATEL\\Desktop\\doc clustering new 5\\dataconnect`\n"}}
[debug] [2026-04-28T16:38:06.500Z] E0428 22:08:06.500277   25764 watch.go:40] Failed to load config from "c:\\Users\\ARCHANA PATEL\\Desktop\\doc clustering new 5\\dataconnect": could not find dataconnect.yaml in `c:\Users\ARCHANA PATEL\Desktop\doc clustering new 5\dataconnect`
 {"metadata":{"emulator":{"name":"dataconnect"},"message":"E0428 22:08:06.500277   25764 watch.go:40] Failed to load config from \"c:\\\\Users\\\\ARCHANA PATEL\\\\Desktop\\\\doc clustering new 5\\\\dataconnect\": could not find dataconnect.yaml in `c:\\Users\\ARCHANA PATEL\\Desktop\\doc clustering new 5\\dataconnect`\n"}}
[debug] [2026-04-28T16:38:16.487Z] E0428 22:08:16.487819   25764 watch.go:40] Failed to load config from "c:\\Users\\ARCHANA PATEL\\Desktop\\doc clustering new 5\\dataconnect": could not find dataconnect.yaml in `c:\Users\ARCHANA PATEL\Desktop\doc clustering new 5\dataconnect`
 {"metadata":{"emulator":{"name":"dataconnect"},"message":"E0428 22:08:16.487819   25764 watch.go:40] Failed to load config from \"c:\\\\Users\\\\ARCHANA PATEL\\\\Desktop\\\\doc clustering new 5\\\\dataconnect\": could not find dataconnect.yaml in `c:\\Users\\ARCHANA PATEL\\Desktop\\doc clustering new 5\\dataconnect`\n"}}
[debug] [2026-04-28T16:38:26.487Z] E0428 22:08:26.488021   25764 watch.go:40] Failed to load config from "c:\\Users\\ARCHANA PATEL\\Desktop\\doc clustering new 5\\dataconnect": could not find dataconnect.yaml in `c:\Users\ARCHANA PATEL\Desktop\doc clustering new 5\dataconnect`
 {"metadata":{"emulator":{"name":"dataconnect"},"message":"E0428 22:08:26.488021   25764 watch.go:40] Failed to load config from \"c:\\\\Users\\\\ARCHANA PATEL\\\\Desktop\\\\doc clustering new 5\\\\dataconnect\": could not find dataconnect.yaml in `c:\\Users\\ARCHANA PATEL\\Desktop\\doc clustering new 5\\dataconnect`\n"}}
[debug] [2026-04-28T16:38:36.487Z] E0428 22:08:36.488217   25764 watch.go:40] Failed to load config from "c:\\Users\\ARCHANA PATEL\\Desktop\\doc clustering new 5\\dataconnect": could not find dataconnect.yaml in `c:\Users\ARCHANA PATEL\Desktop\doc clustering new 5\dataconnect`
 {"metadata":{"emulator":{"name":"dataconnect"},"message":"E0428 22:08:36.488217   25764 watch.go:40] Failed to load config from \"c:\\\\Users\\\\ARCHANA PATEL\\\\Desktop\\\\doc clustering new 5\\\\dataconnect\": could not find dataconnect.yaml in `c:\\Users\\ARCHANA PATEL\\Desktop\\doc clustering new 5\\dataconnect`\n"}}
[debug] [2026-04-28T16:38:46.488Z] E0428 22:08:46.487810   25764 watch.go:40] Failed to load config from "c:\\Users\\ARCHANA PATEL\\Desktop\\doc clustering new 5\\dataconnect": could not find dataconnect.yaml in `c:\Users\ARCHANA PATEL\Desktop\doc clustering new 5\dataconnect`
 {"metadata":{"emulator":{"name":"dataconnect"},"message":"E0428 22:08:46.487810   25764 watch.go:40] Failed to load config from \"c:\\\\Users\\\\ARCHANA PATEL\\\\Desktop\\\\doc clustering new 5\\\\dataconnect\": could not find dataconnect.yaml in `c:\\Users\\ARCHANA PATEL\\Desktop\\doc clustering new 5\\dataconnect`\n"}}
[debug] [2026-04-28T16:38:56.487Z] E0428 22:08:56.487758   25764 watch.go:116] watchAllDir unable to walk dir `c:\Users\ARCHANA PATEL\Desktop\doc clustering new 5\dataconnect`: GetFileAttributesEx c:\Users\ARCHANA PATEL\Desktop\doc clustering new 5\dataconnect: The system cannot find the file specified.
E0428 22:08:56.488272   25764 watch.go:40] Failed to load config from "c:\\Users\\ARCHANA PATEL\\Desktop\\doc clustering new 5\\dataconnect": could not find dataconnect.yaml in `c:\Users\ARCHANA PATEL\Desktop\doc clustering new 5\dataconnect`
 {"metadata":{"emulator":{"name":"dataconnect"},"message":"E0428 22:08:56.487758   25764 watch.go:116] watchAllDir unable to walk dir `c:\\Users\\ARCHANA PATEL\\Desktop\\doc clustering new 5\\dataconnect`: GetFileAttributesEx c:\\Users\\ARCHANA PATEL\\Desktop\\doc clustering new 5\\dataconnect: The system cannot find the file specified.\nE0428 22:08:56.488272   25764 watch.go:40] Failed to load config from \"c:\\\\Users\\\\ARCHANA PATEL\\\\Desktop\\\\doc clustering new 5\\\\dataconnect\": could not find dataconnect.yaml in `c:\\Users\\ARCHANA PATEL\\Desktop\\doc clustering new 5\\dataconnect`\n"}}
[debug] [2026-04-28T16:39:06.487Z] E0428 22:09:06.487458   25764 watch.go:40] Failed to load config from "c:\\Users\\ARCHANA PATEL\\Desktop\\doc clustering new 5\\dataconnect": could not find dataconnect.yaml in `c:\Users\ARCHANA PATEL\Desktop\doc clustering new 5\dataconnect`
 {"metadata":{"emulator":{"name":"dataconnect"},"message":"E0428 22:09:06.487458   25764 watch.go:40] Failed to load config from \"c:\\\\Users\\\\ARCHANA PATEL\\\\Desktop\\\\doc clustering new 5\\\\dataconnect\": could not find dataconnect.yaml in `c:\\Users\\ARCHANA PATEL\\Desktop\\doc clustering new 5\\dataconnect`\n"}}
[debug] [2026-04-28T16:39:16.487Z] E0428 22:09:16.487793   25764 watch.go:40] Failed to load config from "c:\\Users\\ARCHANA PATEL\\Desktop\\doc clustering new 5\\dataconnect": could not find dataconnect.yaml in `c:\Users\ARCHANA PATEL\Desktop\doc clustering new 5\dataconnect`
 {"metadata":{"emulator":{"name":"dataconnect"},"message":"E0428 22:09:16.487793   25764 watch.go:40] Failed to load config from \"c:\\\\Users\\\\ARCHANA PATEL\\\\Desktop\\\\doc clustering new 5\\\\dataconnect\": could not find dataconnect.yaml in `c:\\Users\\ARCHANA PATEL\\Desktop\\doc clustering new 5\\dataconnect`\n"}}
[debug] [2026-04-28T16:39:26.487Z] E0428 22:09:26.487712   25764 watch.go:40] Failed to load config from "c:\\Users\\ARCHANA PATEL\\Desktop\\doc clustering new 5\\dataconnect": could not find dataconnect.yaml in `c:\Users\ARCHANA PATEL\Desktop\doc clustering new 5\dataconnect`
 {"metadata":{"emulator":{"name":"dataconnect"},"message":"E0428 22:09:26.487712   25764 watch.go:40] Failed to load config from \"c:\\\\Users\\\\ARCHANA PATEL\\\\Desktop\\\\doc clustering new 5\\\\dataconnect\": could not find dataconnect.yaml in `c:\\Users\\ARCHANA PATEL\\Desktop\\doc clustering new 5\\dataconnect`\n"}}
[debug] [2026-04-28T16:39:36.487Z] E0428 22:09:36.487827   25764 watch.go:40] Failed to load config from "c:\\Users\\ARCHANA PATEL\\Desktop\\doc clustering new 5\\dataconnect": could not find dataconnect.yaml in `c:\Users\ARCHANA PATEL\Desktop\doc clustering new 5\dataconnect`
 {"metadata":{"emulator":{"name":"dataconnect"},"message":"E0428 22:09:36.487827   25764 watch.go:40] Failed to load config from \"c:\\\\Users\\\\ARCHANA PATEL\\\\Desktop\\\\doc clustering new 5\\\\dataconnect\": could not find dataconnect.yaml in `c:\\Users\\ARCHANA PATEL\\Desktop\\doc clustering new 5\\dataconnect`\n"}}
[debug] [2026-04-28T16:39:46.487Z] E0428 22:09:46.487419   25764 watch.go:40] Failed to load config from "c:\\Users\\ARCHANA PATEL\\Desktop\\doc clustering new 5\\dataconnect": could not find dataconnect.yaml in `c:\Users\ARCHANA PATEL\Desktop\doc clustering new 5\dataconnect`
 {"metadata":{"emulator":{"name":"dataconnect"},"message":"E0428 22:09:46.487419   25764 watch.go:40] Failed to load config from \"c:\\\\Users\\\\ARCHANA PATEL\\\\Desktop\\\\doc clustering new 5\\\\dataconnect\": could not find dataconnect.yaml in `c:\\Users\\ARCHANA PATEL\\Desktop\\doc clustering new 5\\dataconnect`\n"}}
[debug] [2026-04-28T16:39:56.488Z] E0428 22:09:56.488343   25764 watch.go:116] watchAllDir unable to walk dir `c:\Users\ARCHANA PATEL\Desktop\doc clustering new 5\dataconnect`: GetFileAttributesEx c:\Users\ARCHANA PATEL\Desktop\doc clustering new 5\dataconnect: The system cannot find the file specified.
 {"metadata":{"emulator":{"name":"dataconnect"},"message":"E0428 22:09:56.488343   25764 watch.go:116] watchAllDir unable to walk dir `c:\\Users\\ARCHANA PATEL\\Desktop\\doc clustering new 5\\dataconnect`: GetFileAttributesEx c:\\Users\\ARCHANA PATEL\\Desktop\\doc clustering new 5\\dataconnect: The system cannot find the file specified.\n"}}
[debug] [2026-04-28T16:39:56.489Z] E0428 22:09:56.488343   25764 watch.go:40] Failed to load config from "c:\\Users\\ARCHANA PATEL\\Desktop\\doc clustering new 5\\dataconnect": could not find dataconnect.yaml in `c:\Users\ARCHANA PATEL\Desktop\doc clustering new 5\dataconnect`
 {"metadata":{"emulator":{"name":"dataconnect"},"message":"E0428 22:09:56.488343   25764 watch.go:40] Failed to load config from \"c:\\\\Users\\\\ARCHANA PATEL\\\\Desktop\\\\doc clustering new 5\\\\dataconnect\": could not find dataconnect.yaml in `c:\\Users\\ARCHANA PATEL\\Desktop\\doc clustering new 5\\dataconnect`\n"}}
[debug] [2026-04-28T16:40:06.487Z] E0428 22:10:06.487698   25764 watch.go:40] Failed to load config from "c:\\Users\\ARCHANA PATEL\\Desktop\\doc clustering new 5\\dataconnect": could not find dataconnect.yaml in `c:\Users\ARCHANA PATEL\Desktop\doc clustering new 5\dataconnect`
 {"metadata":{"emulator":{"name":"dataconnect"},"message":"E0428 22:10:06.487698   25764 watch.go:40] Failed to load config from \"c:\\\\Users\\\\ARCHANA PATEL\\\\Desktop\\\\doc clustering new 5\\\\dataconnect\": could not find dataconnect.yaml in `c:\\Users\\ARCHANA PATEL\\Desktop\\doc clustering new 5\\dataconnect`\n"}}
[debug] [2026-04-28T16:40:16.488Z] E0428 22:10:16.487957   25764 watch.go:40] Failed to load config from "c:\\Users\\ARCHANA PATEL\\Desktop\\doc clustering new 5\\dataconnect": could not find dataconnect.yaml in `c:\Users\ARCHANA PATEL\Desktop\doc clustering new 5\dataconnect`
 {"metadata":{"emulator":{"name":"dataconnect"},"message":"E0428 22:10:16.487957   25764 watch.go:40] Failed to load config from \"c:\\\\Users\\\\ARCHANA PATEL\\\\Desktop\\\\doc clustering new 5\\\\dataconnect\": could not find dataconnect.yaml in `c:\\Users\\ARCHANA PATEL\\Desktop\\doc clustering new 5\\dataconnect`\n"}}
[debug] [2026-04-28T16:40:26.487Z] E0428 22:10:26.487589   25764 watch.go:40] Failed to load config from "c:\\Users\\ARCHANA PATEL\\Desktop\\doc clustering new 5\\dataconnect": could not find dataconnect.yaml in `c:\Users\ARCHANA PATEL\Desktop\doc clustering new 5\dataconnect`
 {"metadata":{"emulator":{"name":"dataconnect"},"message":"E0428 22:10:26.487589   25764 watch.go:40] Failed to load config from \"c:\\\\Users\\\\ARCHANA PATEL\\\\Desktop\\\\doc clustering new 5\\\\dataconnect\": could not find dataconnect.yaml in `c:\\Users\\ARCHANA PATEL\\Desktop\\doc clustering new 5\\dataconnect`\n"}}
[debug] [2026-04-28T16:40:36.489Z] E0428 22:10:36.488442   25764 watch.go:40] Failed to load config from "c:\\Users\\ARCHANA PATEL\\Desktop\\doc clustering new 5\\dataconnect": could not find dataconnect.yaml in `c:\Users\ARCHANA PATEL\Desktop\doc clustering new 5\dataconnect`
 {"metadata":{"emulator":{"name":"dataconnect"},"message":"E0428 22:10:36.488442   25764 watch.go:40] Failed to load config from \"c:\\\\Users\\\\ARCHANA PATEL\\\\Desktop\\\\doc clustering new 5\\\\dataconnect\": could not find dataconnect.yaml in `c:\\Users\\ARCHANA PATEL\\Desktop\\doc clustering new 5\\dataconnect`\n"}}
[debug] [2026-04-28T16:40:46.486Z] E0428 22:10:46.487877   25764 watch.go:40] Failed to load config from "c:\\Users\\ARCHANA PATEL\\Desktop\\doc clustering new 5\\dataconnect": could not find dataconnect.yaml in `c:\Users\ARCHANA PATEL\Desktop\doc clustering new 5\dataconnect`
 {"metadata":{"emulator":{"name":"dataconnect"},"message":"E0428 22:10:46.487877   25764 watch.go:40] Failed to load config from \"c:\\\\Users\\\\ARCHANA PATEL\\\\Desktop\\\\doc clustering new 5\\\\dataconnect\": could not find dataconnect.yaml in `c:\\Users\\ARCHANA PATEL\\Desktop\\doc clustering new 5\\dataconnect`\n"}}
[debug] [2026-04-28T16:40:56.489Z] E0428 22:10:56.489409   25764 watch.go:116] watchAllDir unable to walk dir `c:\Users\ARCHANA PATEL\Desktop\doc clustering new 5\dataconnect`: GetFileAttributesEx c:\Users\ARCHANA PATEL\Desktop\doc clustering new 5\dataconnect: The system cannot find the file specified.
 {"metadata":{"emulator":{"name":"dataconnect"},"message":"E0428 22:10:56.489409   25764 watch.go:116] watchAllDir unable to walk dir `c:\\Users\\ARCHANA PATEL\\Desktop\\doc clustering new 5\\dataconnect`: GetFileAttributesEx c:\\Users\\ARCHANA PATEL\\Desktop\\doc clustering new 5\\dataconnect: The system cannot find the file specified.\n"}}
[debug] [2026-04-28T16:40:56.497Z] E0428 22:10:56.492724   25764 watch.go:40] Failed to load config from "c:\\Users\\ARCHANA PATEL\\Desktop\\doc clustering new 5\\dataconnect": could not find dataconnect.yaml in `c:\Users\ARCHANA PATEL\Desktop\doc clustering new 5\dataconnect`
 {"metadata":{"emulator":{"name":"dataconnect"},"message":"E0428 22:10:56.492724   25764 watch.go:40] Failed to load config from \"c:\\\\Users\\\\ARCHANA PATEL\\\\Desktop\\\\doc clustering new 5\\\\dataconnect\": could not find dataconnect.yaml in `c:\\Users\\ARCHANA PATEL\\Desktop\\doc clustering new 5\\dataconnect`\n"}}
[debug] [2026-04-28T16:41:06.486Z] E0428 22:11:06.487588   25764 watch.go:40] Failed to load config from "c:\\Users\\ARCHANA PATEL\\Desktop\\doc clustering new 5\\dataconnect": could not find dataconnect.yaml in `c:\Users\ARCHANA PATEL\Desktop\doc clustering new 5\dataconnect`
 {"metadata":{"emulator":{"name":"dataconnect"},"message":"E0428 22:11:06.487588   25764 watch.go:40] Failed to load config from \"c:\\\\Users\\\\ARCHANA PATEL\\\\Desktop\\\\doc clustering new 5\\\\dataconnect\": could not find dataconnect.yaml in `c:\\Users\\ARCHANA PATEL\\Desktop\\doc clustering new 5\\dataconnect`\n"}}
[debug] [2026-04-28T16:41:16.488Z] E0428 22:11:16.488598   25764 watch.go:40] Failed to load config from "c:\\Users\\ARCHANA PATEL\\Desktop\\doc clustering new 5\\dataconnect": could not find dataconnect.yaml in `c:\Users\ARCHANA PATEL\Desktop\doc clustering new 5\dataconnect`
 {"metadata":{"emulator":{"name":"dataconnect"},"message":"E0428 22:11:16.488598   25764 watch.go:40] Failed to load config from \"c:\\\\Users\\\\ARCHANA PATEL\\\\Desktop\\\\doc clustering new 5\\\\dataconnect\": could not find dataconnect.yaml in `c:\\Users\\ARCHANA PATEL\\Desktop\\doc clustering new 5\\dataconnect`\n"}}
[debug] [2026-04-28T16:41:26.488Z] E0428 22:11:26.489824   25764 watch.go:40] Failed to load config from "c:\\Users\\ARCHANA PATEL\\Desktop\\doc clustering new 5\\dataconnect": could not find dataconnect.yaml in `c:\Users\ARCHANA PATEL\Desktop\doc clustering new 5\dataconnect`
 {"metadata":{"emulator":{"name":"dataconnect"},"message":"E0428 22:11:26.489824   25764 watch.go:40] Failed to load config from \"c:\\\\Users\\\\ARCHANA PATEL\\\\Desktop\\\\doc clustering new 5\\\\dataconnect\": could not find dataconnect.yaml in `c:\\Users\\ARCHANA PATEL\\Desktop\\doc clustering new 5\\dataconnect`\n"}}
[debug] [2026-04-28T16:41:36.486Z] E0428 22:11:36.487818   25764 watch.go:40] Failed to load config from "c:\\Users\\ARCHANA PATEL\\Desktop\\doc clustering new 5\\dataconnect": could not find dataconnect.yaml in `c:\Users\ARCHANA PATEL\Desktop\doc clustering new 5\dataconnect`
 {"metadata":{"emulator":{"name":"dataconnect"},"message":"E0428 22:11:36.487818   25764 watch.go:40] Failed to load config from \"c:\\\\Users\\\\ARCHANA PATEL\\\\Desktop\\\\doc clustering new 5\\\\dataconnect\": could not find dataconnect.yaml in `c:\\Users\\ARCHANA PATEL\\Desktop\\doc clustering new 5\\dataconnect`\n"}}
[debug] [2026-04-28T16:41:46.489Z] E0428 22:11:46.487603   25764 watch.go:40] Failed to load config from "c:\\Users\\ARCHANA PATEL\\Desktop\\doc clustering new 5\\dataconnect": could not find dataconnect.yaml in `c:\Users\ARCHANA PATEL\Desktop\doc clustering new 5\dataconnect`
 {"metadata":{"emulator":{"name":"dataconnect"},"message":"E0428 22:11:46.487603   25764 watch.go:40] Failed to load config from \"c:\\\\Users\\\\ARCHANA PATEL\\\\Desktop\\\\doc clustering new 5\\\\dataconnect\": could not find dataconnect.yaml in `c:\\Users\\ARCHANA PATEL\\Desktop\\doc clustering new 5\\dataconnect`\n"}}
[debug] [2026-04-28T16:41:56.490Z] E0428 22:11:56.490021   25764 watch.go:40] Failed to load config from "c:\\Users\\ARCHANA PATEL\\Desktop\\doc clustering new 5\\dataconnect": could not find dataconnect.yaml in `c:\Users\ARCHANA PATEL\Desktop\doc clustering new 5\dataconnect`
 {"metadata":{"emulator":{"name":"dataconnect"},"message":"E0428 22:11:56.490021   25764 watch.go:40] Failed to load config from \"c:\\\\Users\\\\ARCHANA PATEL\\\\Desktop\\\\doc clustering new 5\\\\dataconnect\": could not find dataconnect.yaml in `c:\\Users\\ARCHANA PATEL\\Desktop\\doc clustering new 5\\dataconnect`\n"}}
[debug] [2026-04-28T16:41:56.493Z] E0428 22:11:56.489503   25764 watch.go:116] watchAllDir unable to walk dir `c:\Users\ARCHANA PATEL\Desktop\doc clustering new 5\dataconnect`: GetFileAttributesEx c:\Users\ARCHANA PATEL\Desktop\doc clustering new 5\dataconnect: The system cannot find the file specified.
 {"metadata":{"emulator":{"name":"dataconnect"},"message":"E0428 22:11:56.489503   25764 watch.go:116] watchAllDir unable to walk dir `c:\\Users\\ARCHANA PATEL\\Desktop\\doc clustering new 5\\dataconnect`: GetFileAttributesEx c:\\Users\\ARCHANA PATEL\\Desktop\\doc clustering new 5\\dataconnect: The system cannot find the file specified.\n"}}
[debug] [2026-04-28T16:42:06.489Z] E0428 22:12:06.489057   25764 watch.go:40] Failed to load config from "c:\\Users\\ARCHANA PATEL\\Desktop\\doc clustering new 5\\dataconnect": could not find dataconnect.yaml in `c:\Users\ARCHANA PATEL\Desktop\doc clustering new 5\dataconnect`
 {"metadata":{"emulator":{"name":"dataconnect"},"message":"E0428 22:12:06.489057   25764 watch.go:40] Failed to load config from \"c:\\\\Users\\\\ARCHANA PATEL\\\\Desktop\\\\doc clustering new 5\\\\dataconnect\": could not find dataconnect.yaml in `c:\\Users\\ARCHANA PATEL\\Desktop\\doc clustering new 5\\dataconnect`\n"}}
[debug] [2026-04-28T16:42:16.489Z] E0428 22:12:16.488970   25764 watch.go:40] Failed to load config from "c:\\Users\\ARCHANA PATEL\\Desktop\\doc clustering new 5\\dataconnect": could not find dataconnect.yaml in `c:\Users\ARCHANA PATEL\Desktop\doc clustering new 5\dataconnect`
 {"metadata":{"emulator":{"name":"dataconnect"},"message":"E0428 22:12:16.488970   25764 watch.go:40] Failed to load config from \"c:\\\\Users\\\\ARCHANA PATEL\\\\Desktop\\\\doc clustering new 5\\\\dataconnect\": could not find dataconnect.yaml in `c:\\Users\\ARCHANA PATEL\\Desktop\\doc clustering new 5\\dataconnect`\n"}}
[debug] [2026-04-28T16:42:26.488Z] E0428 22:12:26.487666   25764 watch.go:40] Failed to load config from "c:\\Users\\ARCHANA PATEL\\Desktop\\doc clustering new 5\\dataconnect": could not find dataconnect.yaml in `c:\Users\ARCHANA PATEL\Desktop\doc clustering new 5\dataconnect`
 {"metadata":{"emulator":{"name":"dataconnect"},"message":"E0428 22:12:26.487666   25764 watch.go:40] Failed to load config from \"c:\\\\Users\\\\ARCHANA PATEL\\\\Desktop\\\\doc clustering new 5\\\\dataconnect\": could not find dataconnect.yaml in `c:\\Users\\ARCHANA PATEL\\Desktop\\doc clustering new 5\\dataconnect`\n"}}
[debug] [2026-04-28T16:42:36.487Z] E0428 22:12:36.487675   25764 watch.go:40] Failed to load config from "c:\\Users\\ARCHANA PATEL\\Desktop\\doc clustering new 5\\dataconnect": could not find dataconnect.yaml in `c:\Users\ARCHANA PATEL\Desktop\doc clustering new 5\dataconnect`
 {"metadata":{"emulator":{"name":"dataconnect"},"message":"E0428 22:12:36.487675   25764 watch.go:40] Failed to load config from \"c:\\\\Users\\\\ARCHANA PATEL\\\\Desktop\\\\doc clustering new 5\\\\dataconnect\": could not find dataconnect.yaml in `c:\\Users\\ARCHANA PATEL\\Desktop\\doc clustering new 5\\dataconnect`\n"}}
[debug] [2026-04-28T16:42:46.490Z] E0428 22:12:46.490233   25764 watch.go:40] Failed to load config from "c:\\Users\\ARCHANA PATEL\\Desktop\\doc clustering new 5\\dataconnect": could not find dataconnect.yaml in `c:\Users\ARCHANA PATEL\Desktop\doc clustering new 5\dataconnect`
 {"metadata":{"emulator":{"name":"dataconnect"},"message":"E0428 22:12:46.490233   25764 watch.go:40] Failed to load config from \"c:\\\\Users\\\\ARCHANA PATEL\\\\Desktop\\\\doc clustering new 5\\\\dataconnect\": could not find dataconnect.yaml in `c:\\Users\\ARCHANA PATEL\\Desktop\\doc clustering new 5\\dataconnect`\n"}}
[debug] [2026-04-28T16:42:56.488Z] E0428 22:12:56.488090   25764 watch.go:40] Failed to load config from "c:\\Users\\ARCHANA PATEL\\Desktop\\doc clustering new 5\\dataconnect": could not find dataconnect.yaml in `c:\Users\ARCHANA PATEL\Desktop\doc clustering new 5\dataconnect`
E0428 22:12:56.488090   25764 watch.go:116] watchAllDir unable to walk dir `c:\Users\ARCHANA PATEL\Desktop\doc clustering new 5\dataconnect`: GetFileAttributesEx c:\Users\ARCHANA PATEL\Desktop\doc clustering new 5\dataconnect: The system cannot find the file specified.
 {"metadata":{"emulator":{"name":"dataconnect"},"message":"E0428 22:12:56.488090   25764 watch.go:40] Failed to load config from \"c:\\\\Users\\\\ARCHANA PATEL\\\\Desktop\\\\doc clustering new 5\\\\dataconnect\": could not find dataconnect.yaml in `c:\\Users\\ARCHANA PATEL\\Desktop\\doc clustering new 5\\dataconnect`\nE0428 22:12:56.488090   25764 watch.go:116] watchAllDir unable to walk dir `c:\\Users\\ARCHANA PATEL\\Desktop\\doc clustering new 5\\dataconnect`: GetFileAttributesEx c:\\Users\\ARCHANA PATEL\\Desktop\\doc clustering new 5\\dataconnect: The system cannot find the file specified.\n"}}
[debug] [2026-04-28T16:43:06.488Z] E0428 22:13:06.487648   25764 watch.go:40] Failed to load config from "c:\\Users\\ARCHANA PATEL\\Desktop\\doc clustering new 5\\dataconnect": could not find dataconnect.yaml in `c:\Users\ARCHANA PATEL\Desktop\doc clustering new 5\dataconnect`
 {"metadata":{"emulator":{"name":"dataconnect"},"message":"E0428 22:13:06.487648   25764 watch.go:40] Failed to load config from \"c:\\\\Users\\\\ARCHANA PATEL\\\\Desktop\\\\doc clustering new 5\\\\dataconnect\": could not find dataconnect.yaml in `c:\\Users\\ARCHANA PATEL\\Desktop\\doc clustering new 5\\dataconnect`\n"}}
[debug] [2026-04-28T16:43:16.488Z] E0428 22:13:16.487687   25764 watch.go:40] Failed to load config from "c:\\Users\\ARCHANA PATEL\\Desktop\\doc clustering new 5\\dataconnect": could not find dataconnect.yaml in `c:\Users\ARCHANA PATEL\Desktop\doc clustering new 5\dataconnect`
 {"metadata":{"emulator":{"name":"dataconnect"},"message":"E0428 22:13:16.487687   25764 watch.go:40] Failed to load config from \"c:\\\\Users\\\\ARCHANA PATEL\\\\Desktop\\\\doc clustering new 5\\\\dataconnect\": could not find dataconnect.yaml in `c:\\Users\\ARCHANA PATEL\\Desktop\\doc clustering new 5\\dataconnect`\n"}}
[debug] [2026-04-28T16:43:26.488Z] E0428 22:13:26.488101   25764 watch.go:40] Failed to load config from "c:\\Users\\ARCHANA PATEL\\Desktop\\doc clustering new 5\\dataconnect": could not find dataconnect.yaml in `c:\Users\ARCHANA PATEL\Desktop\doc clustering new 5\dataconnect`
 {"metadata":{"emulator":{"name":"dataconnect"},"message":"E0428 22:13:26.488101   25764 watch.go:40] Failed to load config from \"c:\\\\Users\\\\ARCHANA PATEL\\\\Desktop\\\\doc clustering new 5\\\\dataconnect\": could not find dataconnect.yaml in `c:\\Users\\ARCHANA PATEL\\Desktop\\doc clustering new 5\\dataconnect`\n"}}
[debug] [2026-04-28T16:43:36.490Z] E0428 22:13:36.489695   25764 watch.go:40] Failed to load config from "c:\\Users\\ARCHANA PATEL\\Desktop\\doc clustering new 5\\dataconnect": could not find dataconnect.yaml in `c:\Users\ARCHANA PATEL\Desktop\doc clustering new 5\dataconnect`
 {"metadata":{"emulator":{"name":"dataconnect"},"message":"E0428 22:13:36.489695   25764 watch.go:40] Failed to load config from \"c:\\\\Users\\\\ARCHANA PATEL\\\\Desktop\\\\doc clustering new 5\\\\dataconnect\": could not find dataconnect.yaml in `c:\\Users\\ARCHANA PATEL\\Desktop\\doc clustering new 5\\dataconnect`\n"}}
[debug] [2026-04-28T16:43:46.490Z] E0428 22:13:46.488434   25764 watch.go:40] Failed to load config from "c:\\Users\\ARCHANA PATEL\\Desktop\\doc clustering new 5\\dataconnect": could not find dataconnect.yaml in `c:\Users\ARCHANA PATEL\Desktop\doc clustering new 5\dataconnect`
 {"metadata":{"emulator":{"name":"dataconnect"},"message":"E0428 22:13:46.488434   25764 watch.go:40] Failed to load config from \"c:\\\\Users\\\\ARCHANA PATEL\\\\Desktop\\\\doc clustering new 5\\\\dataconnect\": could not find dataconnect.yaml in `c:\\Users\\ARCHANA PATEL\\Desktop\\doc clustering new 5\\dataconnect`\n"}}
[debug] [2026-04-28T16:43:56.489Z] E0428 22:13:56.489378   25764 watch.go:40] Failed to load config from "c:\\Users\\ARCHANA PATEL\\Desktop\\doc clustering new 5\\dataconnect": could not find dataconnect.yaml in `c:\Users\ARCHANA PATEL\Desktop\doc clustering new 5\dataconnect`
 {"metadata":{"emulator":{"name":"dataconnect"},"message":"E0428 22:13:56.489378   25764 watch.go:40] Failed to load config from \"c:\\\\Users\\\\ARCHANA PATEL\\\\Desktop\\\\doc clustering new 5\\\\dataconnect\": could not find dataconnect.yaml in `c:\\Users\\ARCHANA PATEL\\Desktop\\doc clustering new 5\\dataconnect`\n"}}
[debug] [2026-04-28T16:43:56.496Z] E0428 22:13:56.487935   25764 watch.go:116] watchAllDir unable to walk dir `c:\Users\ARCHANA PATEL\Desktop\doc clustering new 5\dataconnect`: GetFileAttributesEx c:\Users\ARCHANA PATEL\Desktop\doc clustering new 5\dataconnect: The system cannot find the file specified.
 {"metadata":{"emulator":{"name":"dataconnect"},"message":"E0428 22:13:56.487935   25764 watch.go:116] watchAllDir unable to walk dir `c:\\Users\\ARCHANA PATEL\\Desktop\\doc clustering new 5\\dataconnect`: GetFileAttributesEx c:\\Users\\ARCHANA PATEL\\Desktop\\doc clustering new 5\\dataconnect: The system cannot find the file specified.\n"}}
[debug] [2026-04-28T16:44:06.488Z] E0428 22:14:06.487802   25764 watch.go:40] Failed to load config from "c:\\Users\\ARCHANA PATEL\\Desktop\\doc clustering new 5\\dataconnect": could not find dataconnect.yaml in `c:\Users\ARCHANA PATEL\Desktop\doc clustering new 5\dataconnect`
 {"metadata":{"emulator":{"name":"dataconnect"},"message":"E0428 22:14:06.487802   25764 watch.go:40] Failed to load config from \"c:\\\\Users\\\\ARCHANA PATEL\\\\Desktop\\\\doc clustering new 5\\\\dataconnect\": could not find dataconnect.yaml in `c:\\Users\\ARCHANA PATEL\\Desktop\\doc clustering new 5\\dataconnect`\n"}}
[debug] [2026-04-28T16:44:16.488Z] E0428 22:14:16.487588   25764 watch.go:40] Failed to load config from "c:\\Users\\ARCHANA PATEL\\Desktop\\doc clustering new 5\\dataconnect": could not find dataconnect.yaml in `c:\Users\ARCHANA PATEL\Desktop\doc clustering new 5\dataconnect`
 {"metadata":{"emulator":{"name":"dataconnect"},"message":"E0428 22:14:16.487588   25764 watch.go:40] Failed to load config from \"c:\\\\Users\\\\ARCHANA PATEL\\\\Desktop\\\\doc clustering new 5\\\\dataconnect\": could not find dataconnect.yaml in `c:\\Users\\ARCHANA PATEL\\Desktop\\doc clustering new 5\\dataconnect`\n"}}
[debug] [2026-04-28T16:44:26.490Z] E0428 22:14:26.488698   25764 watch.go:40] Failed to load config from "c:\\Users\\ARCHANA PATEL\\Desktop\\doc clustering new 5\\dataconnect": could not find dataconnect.yaml in `c:\Users\ARCHANA PATEL\Desktop\doc clustering new 5\dataconnect`
 {"metadata":{"emulator":{"name":"dataconnect"},"message":"E0428 22:14:26.488698   25764 watch.go:40] Failed to load config from \"c:\\\\Users\\\\ARCHANA PATEL\\\\Desktop\\\\doc clustering new 5\\\\dataconnect\": could not find dataconnect.yaml in `c:\\Users\\ARCHANA PATEL\\Desktop\\doc clustering new 5\\dataconnect`\n"}}
[debug] [2026-04-28T16:44:36.516Z] E0428 22:14:36.515410   25764 watch.go:40] Failed to load config from "c:\\Users\\ARCHANA PATEL\\Desktop\\doc clustering new 5\\dataconnect": could not find dataconnect.yaml in `c:\Users\ARCHANA PATEL\Desktop\doc clustering new 5\dataconnect`
 {"metadata":{"emulator":{"name":"dataconnect"},"message":"E0428 22:14:36.515410   25764 watch.go:40] Failed to load config from \"c:\\\\Users\\\\ARCHANA PATEL\\\\Desktop\\\\doc clustering new 5\\\\dataconnect\": could not find dataconnect.yaml in `c:\\Users\\ARCHANA PATEL\\Desktop\\doc clustering new 5\\dataconnect`\n"}}
[debug] [2026-04-28T16:44:46.489Z] E0428 22:14:46.488550   25764 watch.go:40] Failed to load config from "c:\\Users\\ARCHANA PATEL\\Desktop\\doc clustering new 5\\dataconnect": could not find dataconnect.yaml in `c:\Users\ARCHANA PATEL\Desktop\doc clustering new 5\dataconnect`
 {"metadata":{"emulator":{"name":"dataconnect"},"message":"E0428 22:14:46.488550   25764 watch.go:40] Failed to load config from \"c:\\\\Users\\\\ARCHANA PATEL\\\\Desktop\\\\doc clustering new 5\\\\dataconnect\": could not find dataconnect.yaml in `c:\\Users\\ARCHANA PATEL\\Desktop\\doc clustering new 5\\dataconnect`\n"}}
[debug] [2026-04-28T16:44:56.488Z] E0428 22:14:56.487844   25764 watch.go:40] Failed to load config from "c:\\Users\\ARCHANA PATEL\\Desktop\\doc clustering new 5\\dataconnect": could not find dataconnect.yaml in `c:\Users\ARCHANA PATEL\Desktop\doc clustering new 5\dataconnect`
 {"metadata":{"emulator":{"name":"dataconnect"},"message":"E0428 22:14:56.487844   25764 watch.go:40] Failed to load config from \"c:\\\\Users\\\\ARCHANA PATEL\\\\Desktop\\\\doc clustering new 5\\\\dataconnect\": could not find dataconnect.yaml in `c:\\Users\\ARCHANA PATEL\\Desktop\\doc clustering new 5\\dataconnect`\n"}}
[debug] [2026-04-28T16:44:56.498Z] E0428 22:14:56.487844   25764 watch.go:116] watchAllDir unable to walk dir `c:\Users\ARCHANA PATEL\Desktop\doc clustering new 5\dataconnect`: GetFileAttributesEx c:\Users\ARCHANA PATEL\Desktop\doc clustering new 5\dataconnect: The system cannot find the file specified.
 {"metadata":{"emulator":{"name":"dataconnect"},"message":"E0428 22:14:56.487844   25764 watch.go:116] watchAllDir unable to walk dir `c:\\Users\\ARCHANA PATEL\\Desktop\\doc clustering new 5\\dataconnect`: GetFileAttributesEx c:\\Users\\ARCHANA PATEL\\Desktop\\doc clustering new 5\\dataconnect: The system cannot find the file specified.\n"}}
[debug] [2026-04-28T16:45:06.488Z] E0428 22:15:06.488415   25764 watch.go:40] Failed to load config from "c:\\Users\\ARCHANA PATEL\\Desktop\\doc clustering new 5\\dataconnect": could not find dataconnect.yaml in `c:\Users\ARCHANA PATEL\Desktop\doc clustering new 5\dataconnect`
 {"metadata":{"emulator":{"name":"dataconnect"},"message":"E0428 22:15:06.488415   25764 watch.go:40] Failed to load config from \"c:\\\\Users\\\\ARCHANA PATEL\\\\Desktop\\\\doc clustering new 5\\\\dataconnect\": could not find dataconnect.yaml in `c:\\Users\\ARCHANA PATEL\\Desktop\\doc clustering new 5\\dataconnect`\n"}}
[debug] [2026-04-28T16:45:16.488Z] E0428 22:15:16.487562   25764 watch.go:40] Failed to load config from "c:\\Users\\ARCHANA PATEL\\Desktop\\doc clustering new 5\\dataconnect": could not find dataconnect.yaml in `c:\Users\ARCHANA PATEL\Desktop\doc clustering new 5\dataconnect`
 {"metadata":{"emulator":{"name":"dataconnect"},"message":"E0428 22:15:16.487562   25764 watch.go:40] Failed to load config from \"c:\\\\Users\\\\ARCHANA PATEL\\\\Desktop\\\\doc clustering new 5\\\\dataconnect\": could not find dataconnect.yaml in `c:\\Users\\ARCHANA PATEL\\Desktop\\doc clustering new 5\\dataconnect`\n"}}
[debug] [2026-04-28T16:45:26.488Z] E0428 22:15:26.487945   25764 watch.go:40] Failed to load config from "c:\\Users\\ARCHANA PATEL\\Desktop\\doc clustering new 5\\dataconnect": could not find dataconnect.yaml in `c:\Users\ARCHANA PATEL\Desktop\doc clustering new 5\dataconnect`
 {"metadata":{"emulator":{"name":"dataconnect"},"message":"E0428 22:15:26.487945   25764 watch.go:40] Failed to load config from \"c:\\\\Users\\\\ARCHANA PATEL\\\\Desktop\\\\doc clustering new 5\\\\dataconnect\": could not find dataconnect.yaml in `c:\\Users\\ARCHANA PATEL\\Desktop\\doc clustering new 5\\dataconnect`\n"}}
[debug] [2026-04-28T16:45:36.488Z] E0428 22:15:36.488216   25764 watch.go:40] Failed to load config from "c:\\Users\\ARCHANA PATEL\\Desktop\\doc clustering new 5\\dataconnect": could not find dataconnect.yaml in `c:\Users\ARCHANA PATEL\Desktop\doc clustering new 5\dataconnect`
 {"metadata":{"emulator":{"name":"dataconnect"},"message":"E0428 22:15:36.488216   25764 watch.go:40] Failed to load config from \"c:\\\\Users\\\\ARCHANA PATEL\\\\Desktop\\\\doc clustering new 5\\\\dataconnect\": could not find dataconnect.yaml in `c:\\Users\\ARCHANA PATEL\\Desktop\\doc clustering new 5\\dataconnect`\n"}}
[debug] [2026-04-28T16:45:46.487Z] E0428 22:15:46.487703   25764 watch.go:40] Failed to load config from "c:\\Users\\ARCHANA PATEL\\Desktop\\doc clustering new 5\\dataconnect": could not find dataconnect.yaml in `c:\Users\ARCHANA PATEL\Desktop\doc clustering new 5\dataconnect`
 {"metadata":{"emulator":{"name":"dataconnect"},"message":"E0428 22:15:46.487703   25764 watch.go:40] Failed to load config from \"c:\\\\Users\\\\ARCHANA PATEL\\\\Desktop\\\\doc clustering new 5\\\\dataconnect\": could not find dataconnect.yaml in `c:\\Users\\ARCHANA PATEL\\Desktop\\doc clustering new 5\\dataconnect`\n"}}
[debug] [2026-04-28T16:45:56.488Z] E0428 22:15:56.488028   25764 watch.go:40] Failed to load config from "c:\\Users\\ARCHANA PATEL\\Desktop\\doc clustering new 5\\dataconnect": could not find dataconnect.yaml in `c:\Users\ARCHANA PATEL\Desktop\doc clustering new 5\dataconnect`
 {"metadata":{"emulator":{"name":"dataconnect"},"message":"E0428 22:15:56.488028   25764 watch.go:40] Failed to load config from \"c:\\\\Users\\\\ARCHANA PATEL\\\\Desktop\\\\doc clustering new 5\\\\dataconnect\": could not find dataconnect.yaml in `c:\\Users\\ARCHANA PATEL\\Desktop\\doc clustering new 5\\dataconnect`\n"}}
[debug] [2026-04-28T16:45:56.488Z] E0428 22:15:56.488028   25764 watch.go:116] watchAllDir unable to walk dir `c:\Users\ARCHANA PATEL\Desktop\doc clustering new 5\dataconnect`: GetFileAttributesEx c:\Users\ARCHANA PATEL\Desktop\doc clustering new 5\dataconnect: The system cannot find the file specified.
 {"metadata":{"emulator":{"name":"dataconnect"},"message":"E0428 22:15:56.488028   25764 watch.go:116] watchAllDir unable to walk dir `c:\\Users\\ARCHANA PATEL\\Desktop\\doc clustering new 5\\dataconnect`: GetFileAttributesEx c:\\Users\\ARCHANA PATEL\\Desktop\\doc clustering new 5\\dataconnect: The system cannot find the file specified.\n"}}
[debug] [2026-04-28T16:46:06.493Z] E0428 22:16:06.493033   25764 watch.go:40] Failed to load config from "c:\\Users\\ARCHANA PATEL\\Desktop\\doc clustering new 5\\dataconnect": could not find dataconnect.yaml in `c:\Users\ARCHANA PATEL\Desktop\doc clustering new 5\dataconnect`
 {"metadata":{"emulator":{"name":"dataconnect"},"message":"E0428 22:16:06.493033   25764 watch.go:40] Failed to load config from \"c:\\\\Users\\\\ARCHANA PATEL\\\\Desktop\\\\doc clustering new 5\\\\dataconnect\": could not find dataconnect.yaml in `c:\\Users\\ARCHANA PATEL\\Desktop\\doc clustering new 5\\dataconnect`\n"}}
[debug] [2026-04-28T16:46:16.489Z] E0428 22:16:16.489379   25764 watch.go:40] Failed to load config from "c:\\Users\\ARCHANA PATEL\\Desktop\\doc clustering new 5\\dataconnect": could not find dataconnect.yaml in `c:\Users\ARCHANA PATEL\Desktop\doc clustering new 5\dataconnect`
 {"metadata":{"emulator":{"name":"dataconnect"},"message":"E0428 22:16:16.489379   25764 watch.go:40] Failed to load config from \"c:\\\\Users\\\\ARCHANA PATEL\\\\Desktop\\\\doc clustering new 5\\\\dataconnect\": could not find dataconnect.yaml in `c:\\Users\\ARCHANA PATEL\\Desktop\\doc clustering new 5\\dataconnect`\n"}}
[debug] [2026-04-28T16:46:26.490Z] E0428 22:16:26.490716   25764 watch.go:40] Failed to load config from "c:\\Users\\ARCHANA PATEL\\Desktop\\doc clustering new 5\\dataconnect": could not find dataconnect.yaml in `c:\Users\ARCHANA PATEL\Desktop\doc clustering new 5\dataconnect`
 {"metadata":{"emulator":{"name":"dataconnect"},"message":"E0428 22:16:26.490716   25764 watch.go:40] Failed to load config from \"c:\\\\Users\\\\ARCHANA PATEL\\\\Desktop\\\\doc clustering new 5\\\\dataconnect\": could not find dataconnect.yaml in `c:\\Users\\ARCHANA PATEL\\Desktop\\doc clustering new 5\\dataconnect`\n"}}
[debug] [2026-04-28T16:46:36.487Z] E0428 22:16:36.488168   25764 watch.go:40] Failed to load config from "c:\\Users\\ARCHANA PATEL\\Desktop\\doc clustering new 5\\dataconnect": could not find dataconnect.yaml in `c:\Users\ARCHANA PATEL\Desktop\doc clustering new 5\dataconnect`
 {"metadata":{"emulator":{"name":"dataconnect"},"message":"E0428 22:16:36.488168   25764 watch.go:40] Failed to load config from \"c:\\\\Users\\\\ARCHANA PATEL\\\\Desktop\\\\doc clustering new 5\\\\dataconnect\": could not find dataconnect.yaml in `c:\\Users\\ARCHANA PATEL\\Desktop\\doc clustering new 5\\dataconnect`\n"}}
[debug] [2026-04-28T16:46:46.488Z] E0428 22:16:46.488061   25764 watch.go:40] Failed to load config from "c:\\Users\\ARCHANA PATEL\\Desktop\\doc clustering new 5\\dataconnect": could not find dataconnect.yaml in `c:\Users\ARCHANA PATEL\Desktop\doc clustering new 5\dataconnect`
 {"metadata":{"emulator":{"name":"dataconnect"},"message":"E0428 22:16:46.488061   25764 watch.go:40] Failed to load config from \"c:\\\\Users\\\\ARCHANA PATEL\\\\Desktop\\\\doc clustering new 5\\\\dataconnect\": could not find dataconnect.yaml in `c:\\Users\\ARCHANA PATEL\\Desktop\\doc clustering new 5\\dataconnect`\n"}}
[debug] [2026-04-28T16:46:56.488Z] E0428 22:16:56.487897   25764 watch.go:116] watchAllDir unable to walk dir `c:\Users\ARCHANA PATEL\Desktop\doc clustering new 5\dataconnect`: GetFileAttributesEx c:\Users\ARCHANA PATEL\Desktop\doc clustering new 5\dataconnect: The system cannot find the file specified.
E0428 22:16:56.487897   25764 watch.go:40] Failed to load config from "c:\\Users\\ARCHANA PATEL\\Desktop\\doc clustering new 5\\dataconnect": could not find dataconnect.yaml in `c:\Users\ARCHANA PATEL\Desktop\doc clustering new 5\dataconnect`
 {"metadata":{"emulator":{"name":"dataconnect"},"message":"E0428 22:16:56.487897   25764 watch.go:116] watchAllDir unable to walk dir `c:\\Users\\ARCHANA PATEL\\Desktop\\doc clustering new 5\\dataconnect`: GetFileAttributesEx c:\\Users\\ARCHANA PATEL\\Desktop\\doc clustering new 5\\dataconnect: The system cannot find the file specified.\nE0428 22:16:56.487897   25764 watch.go:40] Failed to load config from \"c:\\\\Users\\\\ARCHANA PATEL\\\\Desktop\\\\doc clustering new 5\\\\dataconnect\": could not find dataconnect.yaml in `c:\\Users\\ARCHANA PATEL\\Desktop\\doc clustering new 5\\dataconnect`\n"}}
[debug] [2026-04-28T16:47:06.488Z] E0428 22:17:06.487806   25764 watch.go:40] Failed to load config from "c:\\Users\\ARCHANA PATEL\\Desktop\\doc clustering new 5\\dataconnect": could not find dataconnect.yaml in `c:\Users\ARCHANA PATEL\Desktop\doc clustering new 5\dataconnect`
 {"metadata":{"emulator":{"name":"dataconnect"},"message":"E0428 22:17:06.487806   25764 watch.go:40] Failed to load config from \"c:\\\\Users\\\\ARCHANA PATEL\\\\Desktop\\\\doc clustering new 5\\\\dataconnect\": could not find dataconnect.yaml in `c:\\Users\\ARCHANA PATEL\\Desktop\\doc clustering new 5\\dataconnect`\n"}}
[debug] [2026-04-28T16:47:16.487Z] E0428 22:17:16.487452   25764 watch.go:40] Failed to load config from "c:\\Users\\ARCHANA PATEL\\Desktop\\doc clustering new 5\\dataconnect": could not find dataconnect.yaml in `c:\Users\ARCHANA PATEL\Desktop\doc clustering new 5\dataconnect`
 {"metadata":{"emulator":{"name":"dataconnect"},"message":"E0428 22:17:16.487452   25764 watch.go:40] Failed to load config from \"c:\\\\Users\\\\ARCHANA PATEL\\\\Desktop\\\\doc clustering new 5\\\\dataconnect\": could not find dataconnect.yaml in `c:\\Users\\ARCHANA PATEL\\Desktop\\doc clustering new 5\\dataconnect`\n"}}
[debug] [2026-04-28T16:47:26.488Z] E0428 22:17:26.488432   25764 watch.go:40] Failed to load config from "c:\\Users\\ARCHANA PATEL\\Desktop\\doc clustering new 5\\dataconnect": could not find dataconnect.yaml in `c:\Users\ARCHANA PATEL\Desktop\doc clustering new 5\dataconnect`
 {"metadata":{"emulator":{"name":"dataconnect"},"message":"E0428 22:17:26.488432   25764 watch.go:40] Failed to load config from \"c:\\\\Users\\\\ARCHANA PATEL\\\\Desktop\\\\doc clustering new 5\\\\dataconnect\": could not find dataconnect.yaml in `c:\\Users\\ARCHANA PATEL\\Desktop\\doc clustering new 5\\dataconnect`\n"}}
[debug] [2026-04-28T16:47:36.487Z] E0428 22:17:36.487356   25764 watch.go:40] Failed to load config from "c:\\Users\\ARCHANA PATEL\\Desktop\\doc clustering new 5\\dataconnect": could not find dataconnect.yaml in `c:\Users\ARCHANA PATEL\Desktop\doc clustering new 5\dataconnect`
 {"metadata":{"emulator":{"name":"dataconnect"},"message":"E0428 22:17:36.487356   25764 watch.go:40] Failed to load config from \"c:\\\\Users\\\\ARCHANA PATEL\\\\Desktop\\\\doc clustering new 5\\\\dataconnect\": could not find dataconnect.yaml in `c:\\Users\\ARCHANA PATEL\\Desktop\\doc clustering new 5\\dataconnect`\n"}}
[debug] [2026-04-28T16:47:46.487Z] E0428 22:17:46.487394   25764 watch.go:40] Failed to load config from "c:\\Users\\ARCHANA PATEL\\Desktop\\doc clustering new 5\\dataconnect": could not find dataconnect.yaml in `c:\Users\ARCHANA PATEL\Desktop\doc clustering new 5\dataconnect`
 {"metadata":{"emulator":{"name":"dataconnect"},"message":"E0428 22:17:46.487394   25764 watch.go:40] Failed to load config from \"c:\\\\Users\\\\ARCHANA PATEL\\\\Desktop\\\\doc clustering new 5\\\\dataconnect\": could not find dataconnect.yaml in `c:\\Users\\ARCHANA PATEL\\Desktop\\doc clustering new 5\\dataconnect`\n"}}
[debug] [2026-04-28T16:47:56.487Z] E0428 22:17:56.487463   25764 watch.go:40] Failed to load config from "c:\\Users\\ARCHANA PATEL\\Desktop\\doc clustering new 5\\dataconnect": could not find dataconnect.yaml in `c:\Users\ARCHANA PATEL\Desktop\doc clustering new 5\dataconnect`
 {"metadata":{"emulator":{"name":"dataconnect"},"message":"E0428 22:17:56.487463   25764 watch.go:40] Failed to load config from \"c:\\\\Users\\\\ARCHANA PATEL\\\\Desktop\\\\doc clustering new 5\\\\dataconnect\": could not find dataconnect.yaml in `c:\\Users\\ARCHANA PATEL\\Desktop\\doc clustering new 5\\dataconnect`\n"}}
[debug] [2026-04-28T16:47:56.492Z] E0428 22:17:56.487463   25764 watch.go:116] watchAllDir unable to walk dir `c:\Users\ARCHANA PATEL\Desktop\doc clustering new 5\dataconnect`: GetFileAttributesEx c:\Users\ARCHANA PATEL\Desktop\doc clustering new 5\dataconnect: The system cannot find the file specified.
 {"metadata":{"emulator":{"name":"dataconnect"},"message":"E0428 22:17:56.487463   25764 watch.go:116] watchAllDir unable to walk dir `c:\\Users\\ARCHANA PATEL\\Desktop\\doc clustering new 5\\dataconnect`: GetFileAttributesEx c:\\Users\\ARCHANA PATEL\\Desktop\\doc clustering new 5\\dataconnect: The system cannot find the file specified.\n"}}
[debug] [2026-04-28T16:48:06.488Z] E0428 22:18:06.488342   25764 watch.go:40] Failed to load config from "c:\\Users\\ARCHANA PATEL\\Desktop\\doc clustering new 5\\dataconnect": could not find dataconnect.yaml in `c:\Users\ARCHANA PATEL\Desktop\doc clustering new 5\dataconnect`
 {"metadata":{"emulator":{"name":"dataconnect"},"message":"E0428 22:18:06.488342   25764 watch.go:40] Failed to load config from \"c:\\\\Users\\\\ARCHANA PATEL\\\\Desktop\\\\doc clustering new 5\\\\dataconnect\": could not find dataconnect.yaml in `c:\\Users\\ARCHANA PATEL\\Desktop\\doc clustering new 5\\dataconnect`\n"}}
[debug] [2026-04-28T16:48:16.488Z] E0428 22:18:16.488266   25764 watch.go:40] Failed to load config from "c:\\Users\\ARCHANA PATEL\\Desktop\\doc clustering new 5\\dataconnect": could not find dataconnect.yaml in `c:\Users\ARCHANA PATEL\Desktop\doc clustering new 5\dataconnect`
 {"metadata":{"emulator":{"name":"dataconnect"},"message":"E0428 22:18:16.488266   25764 watch.go:40] Failed to load config from \"c:\\\\Users\\\\ARCHANA PATEL\\\\Desktop\\\\doc clustering new 5\\\\dataconnect\": could not find dataconnect.yaml in `c:\\Users\\ARCHANA PATEL\\Desktop\\doc clustering new 5\\dataconnect`\n"}}
[debug] [2026-04-28T16:48:26.489Z] E0428 22:18:26.489051   25764 watch.go:40] Failed to load config from "c:\\Users\\ARCHANA PATEL\\Desktop\\doc clustering new 5\\dataconnect": could not find dataconnect.yaml in `c:\Users\ARCHANA PATEL\Desktop\doc clustering new 5\dataconnect`
 {"metadata":{"emulator":{"name":"dataconnect"},"message":"E0428 22:18:26.489051   25764 watch.go:40] Failed to load config from \"c:\\\\Users\\\\ARCHANA PATEL\\\\Desktop\\\\doc clustering new 5\\\\dataconnect\": could not find dataconnect.yaml in `c:\\Users\\ARCHANA PATEL\\Desktop\\doc clustering new 5\\dataconnect`\n"}}
[debug] [2026-04-28T16:48:36.488Z] E0428 22:18:36.488619   25764 watch.go:40] Failed to load config from "c:\\Users\\ARCHANA PATEL\\Desktop\\doc clustering new 5\\dataconnect": could not find dataconnect.yaml in `c:\Users\ARCHANA PATEL\Desktop\doc clustering new 5\dataconnect`
 {"metadata":{"emulator":{"name":"dataconnect"},"message":"E0428 22:18:36.488619   25764 watch.go:40] Failed to load config from \"c:\\\\Users\\\\ARCHANA PATEL\\\\Desktop\\\\doc clustering new 5\\\\dataconnect\": could not find dataconnect.yaml in `c:\\Users\\ARCHANA PATEL\\Desktop\\doc clustering new 5\\dataconnect`\n"}}
[debug] [2026-04-28T16:48:46.489Z] E0428 22:18:46.488752   25764 watch.go:40] Failed to load config from "c:\\Users\\ARCHANA PATEL\\Desktop\\doc clustering new 5\\dataconnect": could not find dataconnect.yaml in `c:\Users\ARCHANA PATEL\Desktop\doc clustering new 5\dataconnect`
 {"metadata":{"emulator":{"name":"dataconnect"},"message":"E0428 22:18:46.488752   25764 watch.go:40] Failed to load config from \"c:\\\\Users\\\\ARCHANA PATEL\\\\Desktop\\\\doc clustering new 5\\\\dataconnect\": could not find dataconnect.yaml in `c:\\Users\\ARCHANA PATEL\\Desktop\\doc clustering new 5\\dataconnect`\n"}}
[debug] [2026-04-28T16:48:56.488Z] E0428 22:18:56.487976   25764 watch.go:116] watchAllDir unable to walk dir `c:\Users\ARCHANA PATEL\Desktop\doc clustering new 5\dataconnect`: GetFileAttributesEx c:\Users\ARCHANA PATEL\Desktop\doc clustering new 5\dataconnect: The system cannot find the file specified.
 {"metadata":{"emulator":{"name":"dataconnect"},"message":"E0428 22:18:56.487976   25764 watch.go:116] watchAllDir unable to walk dir `c:\\Users\\ARCHANA PATEL\\Desktop\\doc clustering new 5\\dataconnect`: GetFileAttributesEx c:\\Users\\ARCHANA PATEL\\Desktop\\doc clustering new 5\\dataconnect: The system cannot find the file specified.\n"}}
[debug] [2026-04-28T16:48:56.494Z] E0428 22:18:56.494102   25764 watch.go:40] Failed to load config from "c:\\Users\\ARCHANA PATEL\\Desktop\\doc clustering new 5\\dataconnect": could not find dataconnect.yaml in `c:\Users\ARCHANA PATEL\Desktop\doc clustering new 5\dataconnect`
 {"metadata":{"emulator":{"name":"dataconnect"},"message":"E0428 22:18:56.494102   25764 watch.go:40] Failed to load config from \"c:\\\\Users\\\\ARCHANA PATEL\\\\Desktop\\\\doc clustering new 5\\\\dataconnect\": could not find dataconnect.yaml in `c:\\Users\\ARCHANA PATEL\\Desktop\\doc clustering new 5\\dataconnect`\n"}}
[debug] [2026-04-28T16:49:06.489Z] E0428 22:19:06.488287   25764 watch.go:40] Failed to load config from "c:\\Users\\ARCHANA PATEL\\Desktop\\doc clustering new 5\\dataconnect": could not find dataconnect.yaml in `c:\Users\ARCHANA PATEL\Desktop\doc clustering new 5\dataconnect`
 {"metadata":{"emulator":{"name":"dataconnect"},"message":"E0428 22:19:06.488287   25764 watch.go:40] Failed to load config from \"c:\\\\Users\\\\ARCHANA PATEL\\\\Desktop\\\\doc clustering new 5\\\\dataconnect\": could not find dataconnect.yaml in `c:\\Users\\ARCHANA PATEL\\Desktop\\doc clustering new 5\\dataconnect`\n"}}
[debug] [2026-04-28T16:49:16.489Z] E0428 22:19:16.487941   25764 watch.go:40] Failed to load config from "c:\\Users\\ARCHANA PATEL\\Desktop\\doc clustering new 5\\dataconnect": could not find dataconnect.yaml in `c:\Users\ARCHANA PATEL\Desktop\doc clustering new 5\dataconnect`
 {"metadata":{"emulator":{"name":"dataconnect"},"message":"E0428 22:19:16.487941   25764 watch.go:40] Failed to load config from \"c:\\\\Users\\\\ARCHANA PATEL\\\\Desktop\\\\doc clustering new 5\\\\dataconnect\": could not find dataconnect.yaml in `c:\\Users\\ARCHANA PATEL\\Desktop\\doc clustering new 5\\dataconnect`\n"}}
[debug] [2026-04-28T16:49:26.487Z] E0428 22:19:26.487510   25764 watch.go:40] Failed to load config from "c:\\Users\\ARCHANA PATEL\\Desktop\\doc clustering new 5\\dataconnect": could not find dataconnect.yaml in `c:\Users\ARCHANA PATEL\Desktop\doc clustering new 5\dataconnect`
 {"metadata":{"emulator":{"name":"dataconnect"},"message":"E0428 22:19:26.487510   25764 watch.go:40] Failed to load config from \"c:\\\\Users\\\\ARCHANA PATEL\\\\Desktop\\\\doc clustering new 5\\\\dataconnect\": could not find dataconnect.yaml in `c:\\Users\\ARCHANA PATEL\\Desktop\\doc clustering new 5\\dataconnect`\n"}}
[debug] [2026-04-28T16:49:36.489Z] E0428 22:19:36.488986   25764 watch.go:40] Failed to load config from "c:\\Users\\ARCHANA PATEL\\Desktop\\doc clustering new 5\\dataconnect": could not find dataconnect.yaml in `c:\Users\ARCHANA PATEL\Desktop\doc clustering new 5\dataconnect`
 {"metadata":{"emulator":{"name":"dataconnect"},"message":"E0428 22:19:36.488986   25764 watch.go:40] Failed to load config from \"c:\\\\Users\\\\ARCHANA PATEL\\\\Desktop\\\\doc clustering new 5\\\\dataconnect\": could not find dataconnect.yaml in `c:\\Users\\ARCHANA PATEL\\Desktop\\doc clustering new 5\\dataconnect`\n"}}
[debug] [2026-04-28T16:49:46.488Z] E0428 22:19:46.488269   25764 watch.go:40] Failed to load config from "c:\\Users\\ARCHANA PATEL\\Desktop\\doc clustering new 5\\dataconnect": could not find dataconnect.yaml in `c:\Users\ARCHANA PATEL\Desktop\doc clustering new 5\dataconnect`
 {"metadata":{"emulator":{"name":"dataconnect"},"message":"E0428 22:19:46.488269   25764 watch.go:40] Failed to load config from \"c:\\\\Users\\\\ARCHANA PATEL\\\\Desktop\\\\doc clustering new 5\\\\dataconnect\": could not find dataconnect.yaml in `c:\\Users\\ARCHANA PATEL\\Desktop\\doc clustering new 5\\dataconnect`\n"}}
[debug] [2026-04-28T16:49:56.489Z] E0428 22:19:56.488397   25764 watch.go:40] Failed to load config from "c:\\Users\\ARCHANA PATEL\\Desktop\\doc clustering new 5\\dataconnect": could not find dataconnect.yaml in `c:\Users\ARCHANA PATEL\Desktop\doc clustering new 5\dataconnect`
 {"metadata":{"emulator":{"name":"dataconnect"},"message":"E0428 22:19:56.488397   25764 watch.go:40] Failed to load config from \"c:\\\\Users\\\\ARCHANA PATEL\\\\Desktop\\\\doc clustering new 5\\\\dataconnect\": could not find dataconnect.yaml in `c:\\Users\\ARCHANA PATEL\\Desktop\\doc clustering new 5\\dataconnect`\n"}}
[debug] [2026-04-28T16:49:56.491Z] E0428 22:19:56.488397   25764 watch.go:116] watchAllDir unable to walk dir `c:\Users\ARCHANA PATEL\Desktop\doc clustering new 5\dataconnect`: GetFileAttributesEx c:\Users\ARCHANA PATEL\Desktop\doc clustering new 5\dataconnect: The system cannot find the file specified.
 {"metadata":{"emulator":{"name":"dataconnect"},"message":"E0428 22:19:56.488397   25764 watch.go:116] watchAllDir unable to walk dir `c:\\Users\\ARCHANA PATEL\\Desktop\\doc clustering new 5\\dataconnect`: GetFileAttributesEx c:\\Users\\ARCHANA PATEL\\Desktop\\doc clustering new 5\\dataconnect: The system cannot find the file specified.\n"}}
[debug] [2026-04-28T16:50:06.488Z] E0428 22:20:06.487865   25764 watch.go:40] Failed to load config from "c:\\Users\\ARCHANA PATEL\\Desktop\\doc clustering new 5\\dataconnect": could not find dataconnect.yaml in `c:\Users\ARCHANA PATEL\Desktop\doc clustering new 5\dataconnect`
 {"metadata":{"emulator":{"name":"dataconnect"},"message":"E0428 22:20:06.487865   25764 watch.go:40] Failed to load config from \"c:\\\\Users\\\\ARCHANA PATEL\\\\Desktop\\\\doc clustering new 5\\\\dataconnect\": could not find dataconnect.yaml in `c:\\Users\\ARCHANA PATEL\\Desktop\\doc clustering new 5\\dataconnect`\n"}}
[debug] [2026-04-28T16:50:16.488Z] E0428 22:20:16.487723   25764 watch.go:40] Failed to load config from "c:\\Users\\ARCHANA PATEL\\Desktop\\doc clustering new 5\\dataconnect": could not find dataconnect.yaml in `c:\Users\ARCHANA PATEL\Desktop\doc clustering new 5\dataconnect`
 {"metadata":{"emulator":{"name":"dataconnect"},"message":"E0428 22:20:16.487723   25764 watch.go:40] Failed to load config from \"c:\\\\Users\\\\ARCHANA PATEL\\\\Desktop\\\\doc clustering new 5\\\\dataconnect\": could not find dataconnect.yaml in `c:\\Users\\ARCHANA PATEL\\Desktop\\doc clustering new 5\\dataconnect`\n"}}
[debug] [2026-04-28T16:50:26.488Z] E0428 22:20:26.487731   25764 watch.go:40] Failed to load config from "c:\\Users\\ARCHANA PATEL\\Desktop\\doc clustering new 5\\dataconnect": could not find dataconnect.yaml in `c:\Users\ARCHANA PATEL\Desktop\doc clustering new 5\dataconnect`
 {"metadata":{"emulator":{"name":"dataconnect"},"message":"E0428 22:20:26.487731   25764 watch.go:40] Failed to load config from \"c:\\\\Users\\\\ARCHANA PATEL\\\\Desktop\\\\doc clustering new 5\\\\dataconnect\": could not find dataconnect.yaml in `c:\\Users\\ARCHANA PATEL\\Desktop\\doc clustering new 5\\dataconnect`\n"}}
[debug] [2026-04-28T16:50:36.489Z] E0428 22:20:36.488232   25764 watch.go:40] Failed to load config from "c:\\Users\\ARCHANA PATEL\\Desktop\\doc clustering new 5\\dataconnect": could not find dataconnect.yaml in `c:\Users\ARCHANA PATEL\Desktop\doc clustering new 5\dataconnect`
 {"metadata":{"emulator":{"name":"dataconnect"},"message":"E0428 22:20:36.488232   25764 watch.go:40] Failed to load config from \"c:\\\\Users\\\\ARCHANA PATEL\\\\Desktop\\\\doc clustering new 5\\\\dataconnect\": could not find dataconnect.yaml in `c:\\Users\\ARCHANA PATEL\\Desktop\\doc clustering new 5\\dataconnect`\n"}}
[debug] [2026-04-28T16:50:46.487Z] E0428 22:20:46.487808   25764 watch.go:40] Failed to load config from "c:\\Users\\ARCHANA PATEL\\Desktop\\doc clustering new 5\\dataconnect": could not find dataconnect.yaml in `c:\Users\ARCHANA PATEL\Desktop\doc clustering new 5\dataconnect`
 {"metadata":{"emulator":{"name":"dataconnect"},"message":"E0428 22:20:46.487808   25764 watch.go:40] Failed to load config from \"c:\\\\Users\\\\ARCHANA PATEL\\\\Desktop\\\\doc clustering new 5\\\\dataconnect\": could not find dataconnect.yaml in `c:\\Users\\ARCHANA PATEL\\Desktop\\doc clustering new 5\\dataconnect`\n"}}
[debug] [2026-04-28T16:50:56.487Z] E0428 22:20:56.487392   25764 watch.go:40] Failed to load config from "c:\\Users\\ARCHANA PATEL\\Desktop\\doc clustering new 5\\dataconnect": could not find dataconnect.yaml in `c:\Users\ARCHANA PATEL\Desktop\doc clustering new 5\dataconnect`
 {"metadata":{"emulator":{"name":"dataconnect"},"message":"E0428 22:20:56.487392   25764 watch.go:40] Failed to load config from \"c:\\\\Users\\\\ARCHANA PATEL\\\\Desktop\\\\doc clustering new 5\\\\dataconnect\": could not find dataconnect.yaml in `c:\\Users\\ARCHANA PATEL\\Desktop\\doc clustering new 5\\dataconnect`\n"}}
[debug] [2026-04-28T16:50:56.490Z] E0428 22:20:56.487392   25764 watch.go:116] watchAllDir unable to walk dir `c:\Users\ARCHANA PATEL\Desktop\doc clustering new 5\dataconnect`: GetFileAttributesEx c:\Users\ARCHANA PATEL\Desktop\doc clustering new 5\dataconnect: The system cannot find the file specified.
 {"metadata":{"emulator":{"name":"dataconnect"},"message":"E0428 22:20:56.487392   25764 watch.go:116] watchAllDir unable to walk dir `c:\\Users\\ARCHANA PATEL\\Desktop\\doc clustering new 5\\dataconnect`: GetFileAttributesEx c:\\Users\\ARCHANA PATEL\\Desktop\\doc clustering new 5\\dataconnect: The system cannot find the file specified.\n"}}
[debug] [2026-04-28T16:51:06.488Z] E0428 22:21:06.487909   25764 watch.go:40] Failed to load config from "c:\\Users\\ARCHANA PATEL\\Desktop\\doc clustering new 5\\dataconnect": could not find dataconnect.yaml in `c:\Users\ARCHANA PATEL\Desktop\doc clustering new 5\dataconnect`
 {"metadata":{"emulator":{"name":"dataconnect"},"message":"E0428 22:21:06.487909   25764 watch.go:40] Failed to load config from \"c:\\\\Users\\\\ARCHANA PATEL\\\\Desktop\\\\doc clustering new 5\\\\dataconnect\": could not find dataconnect.yaml in `c:\\Users\\ARCHANA PATEL\\Desktop\\doc clustering new 5\\dataconnect`\n"}}
[debug] [2026-04-28T16:51:16.488Z] E0428 22:21:16.488048   25764 watch.go:40] Failed to load config from "c:\\Users\\ARCHANA PATEL\\Desktop\\doc clustering new 5\\dataconnect": could not find dataconnect.yaml in `c:\Users\ARCHANA PATEL\Desktop\doc clustering new 5\dataconnect`
 {"metadata":{"emulator":{"name":"dataconnect"},"message":"E0428 22:21:16.488048   25764 watch.go:40] Failed to load config from \"c:\\\\Users\\\\ARCHANA PATEL\\\\Desktop\\\\doc clustering new 5\\\\dataconnect\": could not find dataconnect.yaml in `c:\\Users\\ARCHANA PATEL\\Desktop\\doc clustering new 5\\dataconnect`\n"}}
[debug] [2026-04-28T16:51:26.487Z] E0428 22:21:26.487805   25764 watch.go:40] Failed to load config from "c:\\Users\\ARCHANA PATEL\\Desktop\\doc clustering new 5\\dataconnect": could not find dataconnect.yaml in `c:\Users\ARCHANA PATEL\Desktop\doc clustering new 5\dataconnect`
 {"metadata":{"emulator":{"name":"dataconnect"},"message":"E0428 22:21:26.487805   25764 watch.go:40] Failed to load config from \"c:\\\\Users\\\\ARCHANA PATEL\\\\Desktop\\\\doc clustering new 5\\\\dataconnect\": could not find dataconnect.yaml in `c:\\Users\\ARCHANA PATEL\\Desktop\\doc clustering new 5\\dataconnect`\n"}}
[debug] [2026-04-28T16:51:36.488Z] E0428 22:21:36.488052   25764 watch.go:40] Failed to load config from "c:\\Users\\ARCHANA PATEL\\Desktop\\doc clustering new 5\\dataconnect": could not find dataconnect.yaml in `c:\Users\ARCHANA PATEL\Desktop\doc clustering new 5\dataconnect`
 {"metadata":{"emulator":{"name":"dataconnect"},"message":"E0428 22:21:36.488052   25764 watch.go:40] Failed to load config from \"c:\\\\Users\\\\ARCHANA PATEL\\\\Desktop\\\\doc clustering new 5\\\\dataconnect\": could not find dataconnect.yaml in `c:\\Users\\ARCHANA PATEL\\Desktop\\doc clustering new 5\\dataconnect`\n"}}
[debug] [2026-04-28T16:51:46.488Z] E0428 22:21:46.487686   25764 watch.go:40] Failed to load config from "c:\\Users\\ARCHANA PATEL\\Desktop\\doc clustering new 5\\dataconnect": could not find dataconnect.yaml in `c:\Users\ARCHANA PATEL\Desktop\doc clustering new 5\dataconnect`
 {"metadata":{"emulator":{"name":"dataconnect"},"message":"E0428 22:21:46.487686   25764 watch.go:40] Failed to load config from \"c:\\\\Users\\\\ARCHANA PATEL\\\\Desktop\\\\doc clustering new 5\\\\dataconnect\": could not find dataconnect.yaml in `c:\\Users\\ARCHANA PATEL\\Desktop\\doc clustering new 5\\dataconnect`\n"}}
[debug] [2026-04-28T16:51:56.488Z] E0428 22:21:56.487613   25764 watch.go:40] Failed to load config from "c:\\Users\\ARCHANA PATEL\\Desktop\\doc clustering new 5\\dataconnect": could not find dataconnect.yaml in `c:\Users\ARCHANA PATEL\Desktop\doc clustering new 5\dataconnect`
 {"metadata":{"emulator":{"name":"dataconnect"},"message":"E0428 22:21:56.487613   25764 watch.go:40] Failed to load config from \"c:\\\\Users\\\\ARCHANA PATEL\\\\Desktop\\\\doc clustering new 5\\\\dataconnect\": could not find dataconnect.yaml in `c:\\Users\\ARCHANA PATEL\\Desktop\\doc clustering new 5\\dataconnect`\n"}}
[debug] [2026-04-28T16:51:56.488Z] E0428 22:21:56.487613   25764 watch.go:116] watchAllDir unable to walk dir `c:\Users\ARCHANA PATEL\Desktop\doc clustering new 5\dataconnect`: GetFileAttributesEx c:\Users\ARCHANA PATEL\Desktop\doc clustering new 5\dataconnect: The system cannot find the file specified.
 {"metadata":{"emulator":{"name":"dataconnect"},"message":"E0428 22:21:56.487613   25764 watch.go:116] watchAllDir unable to walk dir `c:\\Users\\ARCHANA PATEL\\Desktop\\doc clustering new 5\\dataconnect`: GetFileAttributesEx c:\\Users\\ARCHANA PATEL\\Desktop\\doc clustering new 5\\dataconnect: The system cannot find the file specified.\n"}}
[debug] [2026-04-28T16:52:06.489Z] E0428 22:22:06.488303   25764 watch.go:40] Failed to load config from "c:\\Users\\ARCHANA PATEL\\Desktop\\doc clustering new 5\\dataconnect": could not find dataconnect.yaml in `c:\Users\ARCHANA PATEL\Desktop\doc clustering new 5\dataconnect`
 {"metadata":{"emulator":{"name":"dataconnect"},"message":"E0428 22:22:06.488303   25764 watch.go:40] Failed to load config from \"c:\\\\Users\\\\ARCHANA PATEL\\\\Desktop\\\\doc clustering new 5\\\\dataconnect\": could not find dataconnect.yaml in `c:\\Users\\ARCHANA PATEL\\Desktop\\doc clustering new 5\\dataconnect`\n"}}
[debug] [2026-04-28T16:52:16.488Z] E0428 22:22:16.487761   25764 watch.go:40] Failed to load config from "c:\\Users\\ARCHANA PATEL\\Desktop\\doc clustering new 5\\dataconnect": could not find dataconnect.yaml in `c:\Users\ARCHANA PATEL\Desktop\doc clustering new 5\dataconnect`
 {"metadata":{"emulator":{"name":"dataconnect"},"message":"E0428 22:22:16.487761   25764 watch.go:40] Failed to load config from \"c:\\\\Users\\\\ARCHANA PATEL\\\\Desktop\\\\doc clustering new 5\\\\dataconnect\": could not find dataconnect.yaml in `c:\\Users\\ARCHANA PATEL\\Desktop\\doc clustering new 5\\dataconnect`\n"}}
[debug] [2026-04-28T16:52:26.487Z] E0428 22:22:26.487539   25764 watch.go:40] Failed to load config from "c:\\Users\\ARCHANA PATEL\\Desktop\\doc clustering new 5\\dataconnect": could not find dataconnect.yaml in `c:\Users\ARCHANA PATEL\Desktop\doc clustering new 5\dataconnect`
 {"metadata":{"emulator":{"name":"dataconnect"},"message":"E0428 22:22:26.487539   25764 watch.go:40] Failed to load config from \"c:\\\\Users\\\\ARCHANA PATEL\\\\Desktop\\\\doc clustering new 5\\\\dataconnect\": could not find dataconnect.yaml in `c:\\Users\\ARCHANA PATEL\\Desktop\\doc clustering new 5\\dataconnect`\n"}}
[debug] [2026-04-28T16:52:36.488Z] E0428 22:22:36.488257   25764 watch.go:40] Failed to load config from "c:\\Users\\ARCHANA PATEL\\Desktop\\doc clustering new 5\\dataconnect": could not find dataconnect.yaml in `c:\Users\ARCHANA PATEL\Desktop\doc clustering new 5\dataconnect`
 {"metadata":{"emulator":{"name":"dataconnect"},"message":"E0428 22:22:36.488257   25764 watch.go:40] Failed to load config from \"c:\\\\Users\\\\ARCHANA PATEL\\\\Desktop\\\\doc clustering new 5\\\\dataconnect\": could not find dataconnect.yaml in `c:\\Users\\ARCHANA PATEL\\Desktop\\doc clustering new 5\\dataconnect`\n"}}
[debug] [2026-04-28T16:52:46.488Z] E0428 22:22:46.488978   25764 watch.go:40] Failed to load config from "c:\\Users\\ARCHANA PATEL\\Desktop\\doc clustering new 5\\dataconnect": could not find dataconnect.yaml in `c:\Users\ARCHANA PATEL\Desktop\doc clustering new 5\dataconnect`
 {"metadata":{"emulator":{"name":"dataconnect"},"message":"E0428 22:22:46.488978   25764 watch.go:40] Failed to load config from \"c:\\\\Users\\\\ARCHANA PATEL\\\\Desktop\\\\doc clustering new 5\\\\dataconnect\": could not find dataconnect.yaml in `c:\\Users\\ARCHANA PATEL\\Desktop\\doc clustering new 5\\dataconnect`\n"}}
[debug] [2026-04-28T16:52:56.486Z] E0428 22:22:56.487571   25764 watch.go:116] watchAllDir unable to walk dir `c:\Users\ARCHANA PATEL\Desktop\doc clustering new 5\dataconnect`: GetFileAttributesEx c:\Users\ARCHANA PATEL\Desktop\doc clustering new 5\dataconnect: The system cannot find the file specified.
E0428 22:22:56.487571   25764 watch.go:40] Failed to load config from "c:\\Users\\ARCHANA PATEL\\Desktop\\doc clustering new 5\\dataconnect": could not find dataconnect.yaml in `c:\Users\ARCHANA PATEL\Desktop\doc clustering new 5\dataconnect`
 {"metadata":{"emulator":{"name":"dataconnect"},"message":"E0428 22:22:56.487571   25764 watch.go:116] watchAllDir unable to walk dir `c:\\Users\\ARCHANA PATEL\\Desktop\\doc clustering new 5\\dataconnect`: GetFileAttributesEx c:\\Users\\ARCHANA PATEL\\Desktop\\doc clustering new 5\\dataconnect: The system cannot find the file specified.\nE0428 22:22:56.487571   25764 watch.go:40] Failed to load config from \"c:\\\\Users\\\\ARCHANA PATEL\\\\Desktop\\\\doc clustering new 5\\\\dataconnect\": could not find dataconnect.yaml in `c:\\Users\\ARCHANA PATEL\\Desktop\\doc clustering new 5\\dataconnect`\n"}}
[debug] [2026-04-28T16:53:06.525Z] E0428 22:23:06.487640   25764 watch.go:40] Failed to load config from "c:\\Users\\ARCHANA PATEL\\Desktop\\doc clustering new 5\\dataconnect": could not find dataconnect.yaml in `c:\Users\ARCHANA PATEL\Desktop\doc clustering new 5\dataconnect`
 {"metadata":{"emulator":{"name":"dataconnect"},"message":"E0428 22:23:06.487640   25764 watch.go:40] Failed to load config from \"c:\\\\Users\\\\ARCHANA PATEL\\\\Desktop\\\\doc clustering new 5\\\\dataconnect\": could not find dataconnect.yaml in `c:\\Users\\ARCHANA PATEL\\Desktop\\doc clustering new 5\\dataconnect`\n"}}
[debug] [2026-04-28T16:53:16.486Z] E0428 22:23:16.487751   25764 watch.go:40] Failed to load config from "c:\\Users\\ARCHANA PATEL\\Desktop\\doc clustering new 5\\dataconnect": could not find dataconnect.yaml in `c:\Users\ARCHANA PATEL\Desktop\doc clustering new 5\dataconnect`
 {"metadata":{"emulator":{"name":"dataconnect"},"message":"E0428 22:23:16.487751   25764 watch.go:40] Failed to load config from \"c:\\\\Users\\\\ARCHANA PATEL\\\\Desktop\\\\doc clustering new 5\\\\dataconnect\": could not find dataconnect.yaml in `c:\\Users\\ARCHANA PATEL\\Desktop\\doc clustering new 5\\dataconnect`\n"}}
[debug] [2026-04-28T16:53:26.487Z] E0428 22:23:26.488045   25764 watch.go:40] Failed to load config from "c:\\Users\\ARCHANA PATEL\\Desktop\\doc clustering new 5\\dataconnect": could not find dataconnect.yaml in `c:\Users\ARCHANA PATEL\Desktop\doc clustering new 5\dataconnect`
 {"metadata":{"emulator":{"name":"dataconnect"},"message":"E0428 22:23:26.488045   25764 watch.go:40] Failed to load config from \"c:\\\\Users\\\\ARCHANA PATEL\\\\Desktop\\\\doc clustering new 5\\\\dataconnect\": could not find dataconnect.yaml in `c:\\Users\\ARCHANA PATEL\\Desktop\\doc clustering new 5\\dataconnect`\n"}}
[debug] [2026-04-28T16:53:36.486Z] E0428 22:23:36.487512   25764 watch.go:40] Failed to load config from "c:\\Users\\ARCHANA PATEL\\Desktop\\doc clustering new 5\\dataconnect": could not find dataconnect.yaml in `c:\Users\ARCHANA PATEL\Desktop\doc clustering new 5\dataconnect`
 {"metadata":{"emulator":{"name":"dataconnect"},"message":"E0428 22:23:36.487512   25764 watch.go:40] Failed to load config from \"c:\\\\Users\\\\ARCHANA PATEL\\\\Desktop\\\\doc clustering new 5\\\\dataconnect\": could not find dataconnect.yaml in `c:\\Users\\ARCHANA PATEL\\Desktop\\doc clustering new 5\\dataconnect`\n"}}
[debug] [2026-04-28T16:53:46.486Z] E0428 22:23:46.487945   25764 watch.go:40] Failed to load config from "c:\\Users\\ARCHANA PATEL\\Desktop\\doc clustering new 5\\dataconnect": could not find dataconnect.yaml in `c:\Users\ARCHANA PATEL\Desktop\doc clustering new 5\dataconnect`
 {"metadata":{"emulator":{"name":"dataconnect"},"message":"E0428 22:23:46.487945   25764 watch.go:40] Failed to load config from \"c:\\\\Users\\\\ARCHANA PATEL\\\\Desktop\\\\doc clustering new 5\\\\dataconnect\": could not find dataconnect.yaml in `c:\\Users\\ARCHANA PATEL\\Desktop\\doc clustering new 5\\dataconnect`\n"}}
[debug] [2026-04-28T16:53:56.486Z] E0428 22:23:56.487689   25764 watch.go:40] Failed to load config from "c:\\Users\\ARCHANA PATEL\\Desktop\\doc clustering new 5\\dataconnect": could not find dataconnect.yaml in `c:\Users\ARCHANA PATEL\Desktop\doc clustering new 5\dataconnect`
 {"metadata":{"emulator":{"name":"dataconnect"},"message":"E0428 22:23:56.487689   25764 watch.go:40] Failed to load config from \"c:\\\\Users\\\\ARCHANA PATEL\\\\Desktop\\\\doc clustering new 5\\\\dataconnect\": could not find dataconnect.yaml in `c:\\Users\\ARCHANA PATEL\\Desktop\\doc clustering new 5\\dataconnect`\n"}}
[debug] [2026-04-28T16:53:56.497Z] E0428 22:23:56.490073   25764 watch.go:116] watchAllDir unable to walk dir `c:\Users\ARCHANA PATEL\Desktop\doc clustering new 5\dataconnect`: GetFileAttributesEx c:\Users\ARCHANA PATEL\Desktop\doc clustering new 5\dataconnect: The system cannot find the file specified.
 {"metadata":{"emulator":{"name":"dataconnect"},"message":"E0428 22:23:56.490073   25764 watch.go:116] watchAllDir unable to walk dir `c:\\Users\\ARCHANA PATEL\\Desktop\\doc clustering new 5\\dataconnect`: GetFileAttributesEx c:\\Users\\ARCHANA PATEL\\Desktop\\doc clustering new 5\\dataconnect: The system cannot find the file specified.\n"}}
[debug] [2026-04-28T16:54:06.488Z] E0428 22:24:06.489309   25764 watch.go:40] Failed to load config from "c:\\Users\\ARCHANA PATEL\\Desktop\\doc clustering new 5\\dataconnect": could not find dataconnect.yaml in `c:\Users\ARCHANA PATEL\Desktop\doc clustering new 5\dataconnect`
 {"metadata":{"emulator":{"name":"dataconnect"},"message":"E0428 22:24:06.489309   25764 watch.go:40] Failed to load config from \"c:\\\\Users\\\\ARCHANA PATEL\\\\Desktop\\\\doc clustering new 5\\\\dataconnect\": could not find dataconnect.yaml in `c:\\Users\\ARCHANA PATEL\\Desktop\\doc clustering new 5\\dataconnect`\n"}}
[debug] [2026-04-28T16:54:16.486Z] E0428 22:24:16.488214   25764 watch.go:40] Failed to load config from "c:\\Users\\ARCHANA PATEL\\Desktop\\doc clustering new 5\\dataconnect": could not find dataconnect.yaml in `c:\Users\ARCHANA PATEL\Desktop\doc clustering new 5\dataconnect`
 {"metadata":{"emulator":{"name":"dataconnect"},"message":"E0428 22:24:16.488214   25764 watch.go:40] Failed to load config from \"c:\\\\Users\\\\ARCHANA PATEL\\\\Desktop\\\\doc clustering new 5\\\\dataconnect\": could not find dataconnect.yaml in `c:\\Users\\ARCHANA PATEL\\Desktop\\doc clustering new 5\\dataconnect`\n"}}
[debug] [2026-04-28T16:54:26.487Z] E0428 22:24:26.487435   25764 watch.go:40] Failed to load config from "c:\\Users\\ARCHANA PATEL\\Desktop\\doc clustering new 5\\dataconnect": could not find dataconnect.yaml in `c:\Users\ARCHANA PATEL\Desktop\doc clustering new 5\dataconnect`
 {"metadata":{"emulator":{"name":"dataconnect"},"message":"E0428 22:24:26.487435   25764 watch.go:40] Failed to load config from \"c:\\\\Users\\\\ARCHANA PATEL\\\\Desktop\\\\doc clustering new 5\\\\dataconnect\": could not find dataconnect.yaml in `c:\\Users\\ARCHANA PATEL\\Desktop\\doc clustering new 5\\dataconnect`\n"}}
[debug] [2026-04-28T16:54:36.487Z] E0428 22:24:36.488213   25764 watch.go:40] Failed to load config from "c:\\Users\\ARCHANA PATEL\\Desktop\\doc clustering new 5\\dataconnect": could not find dataconnect.yaml in `c:\Users\ARCHANA PATEL\Desktop\doc clustering new 5\dataconnect`
 {"metadata":{"emulator":{"name":"dataconnect"},"message":"E0428 22:24:36.488213   25764 watch.go:40] Failed to load config from \"c:\\\\Users\\\\ARCHANA PATEL\\\\Desktop\\\\doc clustering new 5\\\\dataconnect\": could not find dataconnect.yaml in `c:\\Users\\ARCHANA PATEL\\Desktop\\doc clustering new 5\\dataconnect`\n"}}
[debug] [2026-04-28T16:54:46.484Z] E0428 22:24:46.487881   25764 watch.go:40] Failed to load config from "c:\\Users\\ARCHANA PATEL\\Desktop\\doc clustering new 5\\dataconnect": could not find dataconnect.yaml in `c:\Users\ARCHANA PATEL\Desktop\doc clustering new 5\dataconnect`
 {"metadata":{"emulator":{"name":"dataconnect"},"message":"E0428 22:24:46.487881   25764 watch.go:40] Failed to load config from \"c:\\\\Users\\\\ARCHANA PATEL\\\\Desktop\\\\doc clustering new 5\\\\dataconnect\": could not find dataconnect.yaml in `c:\\Users\\ARCHANA PATEL\\Desktop\\doc clustering new 5\\dataconnect`\n"}}
[debug] [2026-04-28T16:54:56.486Z] E0428 22:24:56.489533   25764 watch.go:40] Failed to load config from "c:\\Users\\ARCHANA PATEL\\Desktop\\doc clustering new 5\\dataconnect": could not find dataconnect.yaml in `c:\Users\ARCHANA PATEL\Desktop\doc clustering new 5\dataconnect`
 {"metadata":{"emulator":{"name":"dataconnect"},"message":"E0428 22:24:56.489533   25764 watch.go:40] Failed to load config from \"c:\\\\Users\\\\ARCHANA PATEL\\\\Desktop\\\\doc clustering new 5\\\\dataconnect\": could not find dataconnect.yaml in `c:\\Users\\ARCHANA PATEL\\Desktop\\doc clustering new 5\\dataconnect`\n"}}
[debug] [2026-04-28T16:54:56.491Z] E0428 22:24:56.488977   25764 watch.go:116] watchAllDir unable to walk dir `c:\Users\ARCHANA PATEL\Desktop\doc clustering new 5\dataconnect`: GetFileAttributesEx c:\Users\ARCHANA PATEL\Desktop\doc clustering new 5\dataconnect: The system cannot find the file specified.
 {"metadata":{"emulator":{"name":"dataconnect"},"message":"E0428 22:24:56.488977   25764 watch.go:116] watchAllDir unable to walk dir `c:\\Users\\ARCHANA PATEL\\Desktop\\doc clustering new 5\\dataconnect`: GetFileAttributesEx c:\\Users\\ARCHANA PATEL\\Desktop\\doc clustering new 5\\dataconnect: The system cannot find the file specified.\n"}}
[debug] [2026-04-28T16:55:06.487Z] E0428 22:25:06.490275   25764 watch.go:40] Failed to load config from "c:\\Users\\ARCHANA PATEL\\Desktop\\doc clustering new 5\\dataconnect": could not find dataconnect.yaml in `c:\Users\ARCHANA PATEL\Desktop\doc clustering new 5\dataconnect`
 {"metadata":{"emulator":{"name":"dataconnect"},"message":"E0428 22:25:06.490275   25764 watch.go:40] Failed to load config from \"c:\\\\Users\\\\ARCHANA PATEL\\\\Desktop\\\\doc clustering new 5\\\\dataconnect\": could not find dataconnect.yaml in `c:\\Users\\ARCHANA PATEL\\Desktop\\doc clustering new 5\\dataconnect`\n"}}
[debug] [2026-04-28T16:55:16.485Z] E0428 22:25:16.488084   25764 watch.go:40] Failed to load config from "c:\\Users\\ARCHANA PATEL\\Desktop\\doc clustering new 5\\dataconnect": could not find dataconnect.yaml in `c:\Users\ARCHANA PATEL\Desktop\doc clustering new 5\dataconnect`
 {"metadata":{"emulator":{"name":"dataconnect"},"message":"E0428 22:25:16.488084   25764 watch.go:40] Failed to load config from \"c:\\\\Users\\\\ARCHANA PATEL\\\\Desktop\\\\doc clustering new 5\\\\dataconnect\": could not find dataconnect.yaml in `c:\\Users\\ARCHANA PATEL\\Desktop\\doc clustering new 5\\dataconnect`\n"}}
[debug] [2026-04-28T16:55:26.485Z] E0428 22:25:26.488658   25764 watch.go:40] Failed to load config from "c:\\Users\\ARCHANA PATEL\\Desktop\\doc clustering new 5\\dataconnect": could not find dataconnect.yaml in `c:\Users\ARCHANA PATEL\Desktop\doc clustering new 5\dataconnect`
 {"metadata":{"emulator":{"name":"dataconnect"},"message":"E0428 22:25:26.488658   25764 watch.go:40] Failed to load config from \"c:\\\\Users\\\\ARCHANA PATEL\\\\Desktop\\\\doc clustering new 5\\\\dataconnect\": could not find dataconnect.yaml in `c:\\Users\\ARCHANA PATEL\\Desktop\\doc clustering new 5\\dataconnect`\n"}}
[debug] [2026-04-28T16:55:36.485Z] E0428 22:25:36.488956   25764 watch.go:40] Failed to load config from "c:\\Users\\ARCHANA PATEL\\Desktop\\doc clustering new 5\\dataconnect": could not find dataconnect.yaml in `c:\Users\ARCHANA PATEL\Desktop\doc clustering new 5\dataconnect`
 {"metadata":{"emulator":{"name":"dataconnect"},"message":"E0428 22:25:36.488956   25764 watch.go:40] Failed to load config from \"c:\\\\Users\\\\ARCHANA PATEL\\\\Desktop\\\\doc clustering new 5\\\\dataconnect\": could not find dataconnect.yaml in `c:\\Users\\ARCHANA PATEL\\Desktop\\doc clustering new 5\\dataconnect`\n"}}
[debug] [2026-04-28T16:55:46.490Z] E0428 22:25:46.488805   25764 watch.go:40] Failed to load config from "c:\\Users\\ARCHANA PATEL\\Desktop\\doc clustering new 5\\dataconnect": could not find dataconnect.yaml in `c:\Users\ARCHANA PATEL\Desktop\doc clustering new 5\dataconnect`
 {"metadata":{"emulator":{"name":"dataconnect"},"message":"E0428 22:25:46.488805   25764 watch.go:40] Failed to load config from \"c:\\\\Users\\\\ARCHANA PATEL\\\\Desktop\\\\doc clustering new 5\\\\dataconnect\": could not find dataconnect.yaml in `c:\\Users\\ARCHANA PATEL\\Desktop\\doc clustering new 5\\dataconnect`\n"}}
[debug] [2026-04-28T16:55:56.488Z] E0428 22:25:56.488394   25764 watch.go:40] Failed to load config from "c:\\Users\\ARCHANA PATEL\\Desktop\\doc clustering new 5\\dataconnect": could not find dataconnect.yaml in `c:\Users\ARCHANA PATEL\Desktop\doc clustering new 5\dataconnect`
 {"metadata":{"emulator":{"name":"dataconnect"},"message":"E0428 22:25:56.488394   25764 watch.go:40] Failed to load config from \"c:\\\\Users\\\\ARCHANA PATEL\\\\Desktop\\\\doc clustering new 5\\\\dataconnect\": could not find dataconnect.yaml in `c:\\Users\\ARCHANA PATEL\\Desktop\\doc clustering new 5\\dataconnect`\n"}}
[debug] [2026-04-28T16:55:56.492Z] E0428 22:25:56.488394   25764 watch.go:116] watchAllDir unable to walk dir `c:\Users\ARCHANA PATEL\Desktop\doc clustering new 5\dataconnect`: GetFileAttributesEx c:\Users\ARCHANA PATEL\Desktop\doc clustering new 5\dataconnect: The system cannot find the file specified.
 {"metadata":{"emulator":{"name":"dataconnect"},"message":"E0428 22:25:56.488394   25764 watch.go:116] watchAllDir unable to walk dir `c:\\Users\\ARCHANA PATEL\\Desktop\\doc clustering new 5\\dataconnect`: GetFileAttributesEx c:\\Users\\ARCHANA PATEL\\Desktop\\doc clustering new 5\\dataconnect: The system cannot find the file specified.\n"}}
[debug] [2026-04-28T16:56:06.489Z] E0428 22:26:06.488916   25764 watch.go:40] Failed to load config from "c:\\Users\\ARCHANA PATEL\\Desktop\\doc clustering new 5\\dataconnect": could not find dataconnect.yaml in `c:\Users\ARCHANA PATEL\Desktop\doc clustering new 5\dataconnect`
 {"metadata":{"emulator":{"name":"dataconnect"},"message":"E0428 22:26:06.488916   25764 watch.go:40] Failed to load config from \"c:\\\\Users\\\\ARCHANA PATEL\\\\Desktop\\\\doc clustering new 5\\\\dataconnect\": could not find dataconnect.yaml in `c:\\Users\\ARCHANA PATEL\\Desktop\\doc clustering new 5\\dataconnect`\n"}}
[debug] [2026-04-28T16:56:16.490Z] E0428 22:26:16.487830   25764 watch.go:40] Failed to load config from "c:\\Users\\ARCHANA PATEL\\Desktop\\doc clustering new 5\\dataconnect": could not find dataconnect.yaml in `c:\Users\ARCHANA PATEL\Desktop\doc clustering new 5\dataconnect`
 {"metadata":{"emulator":{"name":"dataconnect"},"message":"E0428 22:26:16.487830   25764 watch.go:40] Failed to load config from \"c:\\\\Users\\\\ARCHANA PATEL\\\\Desktop\\\\doc clustering new 5\\\\dataconnect\": could not find dataconnect.yaml in `c:\\Users\\ARCHANA PATEL\\Desktop\\doc clustering new 5\\dataconnect`\n"}}
[debug] [2026-04-28T16:56:26.492Z] E0428 22:26:26.491402   25764 watch.go:40] Failed to load config from "c:\\Users\\ARCHANA PATEL\\Desktop\\doc clustering new 5\\dataconnect": could not find dataconnect.yaml in `c:\Users\ARCHANA PATEL\Desktop\doc clustering new 5\dataconnect`
 {"metadata":{"emulator":{"name":"dataconnect"},"message":"E0428 22:26:26.491402   25764 watch.go:40] Failed to load config from \"c:\\\\Users\\\\ARCHANA PATEL\\\\Desktop\\\\doc clustering new 5\\\\dataconnect\": could not find dataconnect.yaml in `c:\\Users\\ARCHANA PATEL\\Desktop\\doc clustering new 5\\dataconnect`\n"}}
[debug] [2026-04-28T16:56:36.494Z] E0428 22:26:36.493412   25764 watch.go:40] Failed to load config from "c:\\Users\\ARCHANA PATEL\\Desktop\\doc clustering new 5\\dataconnect": could not find dataconnect.yaml in `c:\Users\ARCHANA PATEL\Desktop\doc clustering new 5\dataconnect`
 {"metadata":{"emulator":{"name":"dataconnect"},"message":"E0428 22:26:36.493412   25764 watch.go:40] Failed to load config from \"c:\\\\Users\\\\ARCHANA PATEL\\\\Desktop\\\\doc clustering new 5\\\\dataconnect\": could not find dataconnect.yaml in `c:\\Users\\ARCHANA PATEL\\Desktop\\doc clustering new 5\\dataconnect`\n"}}
[debug] [2026-04-28T16:56:46.490Z] E0428 22:26:46.487673   25764 watch.go:40] Failed to load config from "c:\\Users\\ARCHANA PATEL\\Desktop\\doc clustering new 5\\dataconnect": could not find dataconnect.yaml in `c:\Users\ARCHANA PATEL\Desktop\doc clustering new 5\dataconnect`
 {"metadata":{"emulator":{"name":"dataconnect"},"message":"E0428 22:26:46.487673   25764 watch.go:40] Failed to load config from \"c:\\\\Users\\\\ARCHANA PATEL\\\\Desktop\\\\doc clustering new 5\\\\dataconnect\": could not find dataconnect.yaml in `c:\\Users\\ARCHANA PATEL\\Desktop\\doc clustering new 5\\dataconnect`\n"}}
[debug] [2026-04-28T16:56:56.514Z] E0428 22:26:56.510312   25764 watch.go:40] Failed to load config from "c:\\Users\\ARCHANA PATEL\\Desktop\\doc clustering new 5\\dataconnect": could not find dataconnect.yaml in `c:\Users\ARCHANA PATEL\Desktop\doc clustering new 5\dataconnect`
 {"metadata":{"emulator":{"name":"dataconnect"},"message":"E0428 22:26:56.510312   25764 watch.go:40] Failed to load config from \"c:\\\\Users\\\\ARCHANA PATEL\\\\Desktop\\\\doc clustering new 5\\\\dataconnect\": could not find dataconnect.yaml in `c:\\Users\\ARCHANA PATEL\\Desktop\\doc clustering new 5\\dataconnect`\n"}}
[debug] [2026-04-28T16:56:56.516Z] E0428 22:26:56.492955   25764 watch.go:116] watchAllDir unable to walk dir `c:\Users\ARCHANA PATEL\Desktop\doc clustering new 5\dataconnect`: GetFileAttributesEx c:\Users\ARCHANA PATEL\Desktop\doc clustering new 5\dataconnect: The system cannot find the file specified.
 {"metadata":{"emulator":{"name":"dataconnect"},"message":"E0428 22:26:56.492955   25764 watch.go:116] watchAllDir unable to walk dir `c:\\Users\\ARCHANA PATEL\\Desktop\\doc clustering new 5\\dataconnect`: GetFileAttributesEx c:\\Users\\ARCHANA PATEL\\Desktop\\doc clustering new 5\\dataconnect: The system cannot find the file specified.\n"}}
[debug] [2026-04-28T16:57:06.490Z] E0428 22:27:06.490106   25764 watch.go:40] Failed to load config from "c:\\Users\\ARCHANA PATEL\\Desktop\\doc clustering new 5\\dataconnect": could not find dataconnect.yaml in `c:\Users\ARCHANA PATEL\Desktop\doc clustering new 5\dataconnect`
 {"metadata":{"emulator":{"name":"dataconnect"},"message":"E0428 22:27:06.490106   25764 watch.go:40] Failed to load config from \"c:\\\\Users\\\\ARCHANA PATEL\\\\Desktop\\\\doc clustering new 5\\\\dataconnect\": could not find dataconnect.yaml in `c:\\Users\\ARCHANA PATEL\\Desktop\\doc clustering new 5\\dataconnect`\n"}}
[debug] [2026-04-28T16:57:16.488Z] E0428 22:27:16.488118   25764 watch.go:40] Failed to load config from "c:\\Users\\ARCHANA PATEL\\Desktop\\doc clustering new 5\\dataconnect": could not find dataconnect.yaml in `c:\Users\ARCHANA PATEL\Desktop\doc clustering new 5\dataconnect`
 {"metadata":{"emulator":{"name":"dataconnect"},"message":"E0428 22:27:16.488118   25764 watch.go:40] Failed to load config from \"c:\\\\Users\\\\ARCHANA PATEL\\\\Desktop\\\\doc clustering new 5\\\\dataconnect\": could not find dataconnect.yaml in `c:\\Users\\ARCHANA PATEL\\Desktop\\doc clustering new 5\\dataconnect`\n"}}
[debug] [2026-04-28T16:57:26.490Z] E0428 22:27:26.489203   25764 watch.go:40] Failed to load config from "c:\\Users\\ARCHANA PATEL\\Desktop\\doc clustering new 5\\dataconnect": could not find dataconnect.yaml in `c:\Users\ARCHANA PATEL\Desktop\doc clustering new 5\dataconnect`
 {"metadata":{"emulator":{"name":"dataconnect"},"message":"E0428 22:27:26.489203   25764 watch.go:40] Failed to load config from \"c:\\\\Users\\\\ARCHANA PATEL\\\\Desktop\\\\doc clustering new 5\\\\dataconnect\": could not find dataconnect.yaml in `c:\\Users\\ARCHANA PATEL\\Desktop\\doc clustering new 5\\dataconnect`\n"}}
[debug] [2026-04-28T16:57:36.488Z] E0428 22:27:36.488941   25764 watch.go:40] Failed to load config from "c:\\Users\\ARCHANA PATEL\\Desktop\\doc clustering new 5\\dataconnect": could not find dataconnect.yaml in `c:\Users\ARCHANA PATEL\Desktop\doc clustering new 5\dataconnect`
 {"metadata":{"emulator":{"name":"dataconnect"},"message":"E0428 22:27:36.488941   25764 watch.go:40] Failed to load config from \"c:\\\\Users\\\\ARCHANA PATEL\\\\Desktop\\\\doc clustering new 5\\\\dataconnect\": could not find dataconnect.yaml in `c:\\Users\\ARCHANA PATEL\\Desktop\\doc clustering new 5\\dataconnect`\n"}}
[debug] [2026-04-28T16:57:46.488Z] E0428 22:27:46.488646   25764 watch.go:40] Failed to load config from "c:\\Users\\ARCHANA PATEL\\Desktop\\doc clustering new 5\\dataconnect": could not find dataconnect.yaml in `c:\Users\ARCHANA PATEL\Desktop\doc clustering new 5\dataconnect`
 {"metadata":{"emulator":{"name":"dataconnect"},"message":"E0428 22:27:46.488646   25764 watch.go:40] Failed to load config from \"c:\\\\Users\\\\ARCHANA PATEL\\\\Desktop\\\\doc clustering new 5\\\\dataconnect\": could not find dataconnect.yaml in `c:\\Users\\ARCHANA PATEL\\Desktop\\doc clustering new 5\\dataconnect`\n"}}
[debug] [2026-04-28T16:57:56.489Z] E0428 22:27:56.489393   25764 watch.go:40] Failed to load config from "c:\\Users\\ARCHANA PATEL\\Desktop\\doc clustering new 5\\dataconnect": could not find dataconnect.yaml in `c:\Users\ARCHANA PATEL\Desktop\doc clustering new 5\dataconnect`
 {"metadata":{"emulator":{"name":"dataconnect"},"message":"E0428 22:27:56.489393   25764 watch.go:40] Failed to load config from \"c:\\\\Users\\\\ARCHANA PATEL\\\\Desktop\\\\doc clustering new 5\\\\dataconnect\": could not find dataconnect.yaml in `c:\\Users\\ARCHANA PATEL\\Desktop\\doc clustering new 5\\dataconnect`\n"}}
[debug] [2026-04-28T16:57:56.493Z] E0428 22:27:56.488884   25764 watch.go:116] watchAllDir unable to walk dir `c:\Users\ARCHANA PATEL\Desktop\doc clustering new 5\dataconnect`: GetFileAttributesEx c:\Users\ARCHANA PATEL\Desktop\doc clustering new 5\dataconnect: The system cannot find the file specified.
 {"metadata":{"emulator":{"name":"dataconnect"},"message":"E0428 22:27:56.488884   25764 watch.go:116] watchAllDir unable to walk dir `c:\\Users\\ARCHANA PATEL\\Desktop\\doc clustering new 5\\dataconnect`: GetFileAttributesEx c:\\Users\\ARCHANA PATEL\\Desktop\\doc clustering new 5\\dataconnect: The system cannot find the file specified.\n"}}
[debug] [2026-04-28T16:58:06.493Z] E0428 22:28:06.493371   25764 watch.go:40] Failed to load config from "c:\\Users\\ARCHANA PATEL\\Desktop\\doc clustering new 5\\dataconnect": could not find dataconnect.yaml in `c:\Users\ARCHANA PATEL\Desktop\doc clustering new 5\dataconnect`
 {"metadata":{"emulator":{"name":"dataconnect"},"message":"E0428 22:28:06.493371   25764 watch.go:40] Failed to load config from \"c:\\\\Users\\\\ARCHANA PATEL\\\\Desktop\\\\doc clustering new 5\\\\dataconnect\": could not find dataconnect.yaml in `c:\\Users\\ARCHANA PATEL\\Desktop\\doc clustering new 5\\dataconnect`\n"}}
[debug] [2026-04-28T16:58:16.489Z] E0428 22:28:16.489382   25764 watch.go:40] Failed to load config from "c:\\Users\\ARCHANA PATEL\\Desktop\\doc clustering new 5\\dataconnect": could not find dataconnect.yaml in `c:\Users\ARCHANA PATEL\Desktop\doc clustering new 5\dataconnect`
 {"metadata":{"emulator":{"name":"dataconnect"},"message":"E0428 22:28:16.489382   25764 watch.go:40] Failed to load config from \"c:\\\\Users\\\\ARCHANA PATEL\\\\Desktop\\\\doc clustering new 5\\\\dataconnect\": could not find dataconnect.yaml in `c:\\Users\\ARCHANA PATEL\\Desktop\\doc clustering new 5\\dataconnect`\n"}}
[debug] [2026-04-28T16:58:26.487Z] E0428 22:28:26.487504   25764 watch.go:40] Failed to load config from "c:\\Users\\ARCHANA PATEL\\Desktop\\doc clustering new 5\\dataconnect": could not find dataconnect.yaml in `c:\Users\ARCHANA PATEL\Desktop\doc clustering new 5\dataconnect`
 {"metadata":{"emulator":{"name":"dataconnect"},"message":"E0428 22:28:26.487504   25764 watch.go:40] Failed to load config from \"c:\\\\Users\\\\ARCHANA PATEL\\\\Desktop\\\\doc clustering new 5\\\\dataconnect\": could not find dataconnect.yaml in `c:\\Users\\ARCHANA PATEL\\Desktop\\doc clustering new 5\\dataconnect`\n"}}
[debug] [2026-04-28T16:58:36.489Z] E0428 22:28:36.488669   25764 watch.go:40] Failed to load config from "c:\\Users\\ARCHANA PATEL\\Desktop\\doc clustering new 5\\dataconnect": could not find dataconnect.yaml in `c:\Users\ARCHANA PATEL\Desktop\doc clustering new 5\dataconnect`
 {"metadata":{"emulator":{"name":"dataconnect"},"message":"E0428 22:28:36.488669   25764 watch.go:40] Failed to load config from \"c:\\\\Users\\\\ARCHANA PATEL\\\\Desktop\\\\doc clustering new 5\\\\dataconnect\": could not find dataconnect.yaml in `c:\\Users\\ARCHANA PATEL\\Desktop\\doc clustering new 5\\dataconnect`\n"}}
[debug] [2026-04-28T16:58:46.488Z] E0428 22:28:46.487968   25764 watch.go:40] Failed to load config from "c:\\Users\\ARCHANA PATEL\\Desktop\\doc clustering new 5\\dataconnect": could not find dataconnect.yaml in `c:\Users\ARCHANA PATEL\Desktop\doc clustering new 5\dataconnect`
 {"metadata":{"emulator":{"name":"dataconnect"},"message":"E0428 22:28:46.487968   25764 watch.go:40] Failed to load config from \"c:\\\\Users\\\\ARCHANA PATEL\\\\Desktop\\\\doc clustering new 5\\\\dataconnect\": could not find dataconnect.yaml in `c:\\Users\\ARCHANA PATEL\\Desktop\\doc clustering new 5\\dataconnect`\n"}}
[debug] [2026-04-28T16:58:56.489Z] E0428 22:28:56.488789   25764 watch.go:40] Failed to load config from "c:\\Users\\ARCHANA PATEL\\Desktop\\doc clustering new 5\\dataconnect": could not find dataconnect.yaml in `c:\Users\ARCHANA PATEL\Desktop\doc clustering new 5\dataconnect`
 {"metadata":{"emulator":{"name":"dataconnect"},"message":"E0428 22:28:56.488789   25764 watch.go:40] Failed to load config from \"c:\\\\Users\\\\ARCHANA PATEL\\\\Desktop\\\\doc clustering new 5\\\\dataconnect\": could not find dataconnect.yaml in `c:\\Users\\ARCHANA PATEL\\Desktop\\doc clustering new 5\\dataconnect`\n"}}
[debug] [2026-04-28T16:58:56.491Z] E0428 22:28:56.488789   25764 watch.go:116] watchAllDir unable to walk dir `c:\Users\ARCHANA PATEL\Desktop\doc clustering new 5\dataconnect`: GetFileAttributesEx c:\Users\ARCHANA PATEL\Desktop\doc clustering new 5\dataconnect: The system cannot find the file specified.
 {"metadata":{"emulator":{"name":"dataconnect"},"message":"E0428 22:28:56.488789   25764 watch.go:116] watchAllDir unable to walk dir `c:\\Users\\ARCHANA PATEL\\Desktop\\doc clustering new 5\\dataconnect`: GetFileAttributesEx c:\\Users\\ARCHANA PATEL\\Desktop\\doc clustering new 5\\dataconnect: The system cannot find the file specified.\n"}}
[debug] [2026-04-28T16:59:06.489Z] E0428 22:29:06.488691   25764 watch.go:40] Failed to load config from "c:\\Users\\ARCHANA PATEL\\Desktop\\doc clustering new 5\\dataconnect": could not find dataconnect.yaml in `c:\Users\ARCHANA PATEL\Desktop\doc clustering new 5\dataconnect`
 {"metadata":{"emulator":{"name":"dataconnect"},"message":"E0428 22:29:06.488691   25764 watch.go:40] Failed to load config from \"c:\\\\Users\\\\ARCHANA PATEL\\\\Desktop\\\\doc clustering new 5\\\\dataconnect\": could not find dataconnect.yaml in `c:\\Users\\ARCHANA PATEL\\Desktop\\doc clustering new 5\\dataconnect`\n"}}
[debug] [2026-04-28T16:59:16.488Z] E0428 22:29:16.487734   25764 watch.go:40] Failed to load config from "c:\\Users\\ARCHANA PATEL\\Desktop\\doc clustering new 5\\dataconnect": could not find dataconnect.yaml in `c:\Users\ARCHANA PATEL\Desktop\doc clustering new 5\dataconnect`
 {"metadata":{"emulator":{"name":"dataconnect"},"message":"E0428 22:29:16.487734   25764 watch.go:40] Failed to load config from \"c:\\\\Users\\\\ARCHANA PATEL\\\\Desktop\\\\doc clustering new 5\\\\dataconnect\": could not find dataconnect.yaml in `c:\\Users\\ARCHANA PATEL\\Desktop\\doc clustering new 5\\dataconnect`\n"}}
[debug] [2026-04-28T16:59:26.488Z] E0428 22:29:26.487910   25764 watch.go:40] Failed to load config from "c:\\Users\\ARCHANA PATEL\\Desktop\\doc clustering new 5\\dataconnect": could not find dataconnect.yaml in `c:\Users\ARCHANA PATEL\Desktop\doc clustering new 5\dataconnect`
 {"metadata":{"emulator":{"name":"dataconnect"},"message":"E0428 22:29:26.487910   25764 watch.go:40] Failed to load config from \"c:\\\\Users\\\\ARCHANA PATEL\\\\Desktop\\\\doc clustering new 5\\\\dataconnect\": could not find dataconnect.yaml in `c:\\Users\\ARCHANA PATEL\\Desktop\\doc clustering new 5\\dataconnect`\n"}}
[debug] [2026-04-28T16:59:36.488Z] E0428 22:29:36.487760   25764 watch.go:40] Failed to load config from "c:\\Users\\ARCHANA PATEL\\Desktop\\doc clustering new 5\\dataconnect": could not find dataconnect.yaml in `c:\Users\ARCHANA PATEL\Desktop\doc clustering new 5\dataconnect`
 {"metadata":{"emulator":{"name":"dataconnect"},"message":"E0428 22:29:36.487760   25764 watch.go:40] Failed to load config from \"c:\\\\Users\\\\ARCHANA PATEL\\\\Desktop\\\\doc clustering new 5\\\\dataconnect\": could not find dataconnect.yaml in `c:\\Users\\ARCHANA PATEL\\Desktop\\doc clustering new 5\\dataconnect`\n"}}
[debug] [2026-04-28T16:59:46.490Z] E0428 22:29:46.488654   25764 watch.go:40] Failed to load config from "c:\\Users\\ARCHANA PATEL\\Desktop\\doc clustering new 5\\dataconnect": could not find dataconnect.yaml in `c:\Users\ARCHANA PATEL\Desktop\doc clustering new 5\dataconnect`
 {"metadata":{"emulator":{"name":"dataconnect"},"message":"E0428 22:29:46.488654   25764 watch.go:40] Failed to load config from \"c:\\\\Users\\\\ARCHANA PATEL\\\\Desktop\\\\doc clustering new 5\\\\dataconnect\": could not find dataconnect.yaml in `c:\\Users\\ARCHANA PATEL\\Desktop\\doc clustering new 5\\dataconnect`\n"}}
[debug] [2026-04-28T16:59:56.490Z] E0428 22:29:56.488320   25764 watch.go:116] watchAllDir unable to walk dir `c:\Users\ARCHANA PATEL\Desktop\doc clustering new 5\dataconnect`: GetFileAttributesEx c:\Users\ARCHANA PATEL\Desktop\doc clustering new 5\dataconnect: The system cannot find the file specified.
 {"metadata":{"emulator":{"name":"dataconnect"},"message":"E0428 22:29:56.488320   25764 watch.go:116] watchAllDir unable to walk dir `c:\\Users\\ARCHANA PATEL\\Desktop\\doc clustering new 5\\dataconnect`: GetFileAttributesEx c:\\Users\\ARCHANA PATEL\\Desktop\\doc clustering new 5\\dataconnect: The system cannot find the file specified.\n"}}
[debug] [2026-04-28T16:59:56.496Z] E0428 22:29:56.490716   25764 watch.go:40] Failed to load config from "c:\\Users\\ARCHANA PATEL\\Desktop\\doc clustering new 5\\dataconnect": could not find dataconnect.yaml in `c:\Users\ARCHANA PATEL\Desktop\doc clustering new 5\dataconnect`
 {"metadata":{"emulator":{"name":"dataconnect"},"message":"E0428 22:29:56.490716   25764 watch.go:40] Failed to load config from \"c:\\\\Users\\\\ARCHANA PATEL\\\\Desktop\\\\doc clustering new 5\\\\dataconnect\": could not find dataconnect.yaml in `c:\\Users\\ARCHANA PATEL\\Desktop\\doc clustering new 5\\dataconnect`\n"}}
[debug] [2026-04-28T17:00:06.491Z] E0428 22:30:06.490477   25764 watch.go:40] Failed to load config from "c:\\Users\\ARCHANA PATEL\\Desktop\\doc clustering new 5\\dataconnect": could not find dataconnect.yaml in `c:\Users\ARCHANA PATEL\Desktop\doc clustering new 5\dataconnect`
 {"metadata":{"emulator":{"name":"dataconnect"},"message":"E0428 22:30:06.490477   25764 watch.go:40] Failed to load config from \"c:\\\\Users\\\\ARCHANA PATEL\\\\Desktop\\\\doc clustering new 5\\\\dataconnect\": could not find dataconnect.yaml in `c:\\Users\\ARCHANA PATEL\\Desktop\\doc clustering new 5\\dataconnect`\n"}}
[debug] [2026-04-28T17:00:16.489Z] E0428 22:30:16.488453   25764 watch.go:40] Failed to load config from "c:\\Users\\ARCHANA PATEL\\Desktop\\doc clustering new 5\\dataconnect": could not find dataconnect.yaml in `c:\Users\ARCHANA PATEL\Desktop\doc clustering new 5\dataconnect`
 {"metadata":{"emulator":{"name":"dataconnect"},"message":"E0428 22:30:16.488453   25764 watch.go:40] Failed to load config from \"c:\\\\Users\\\\ARCHANA PATEL\\\\Desktop\\\\doc clustering new 5\\\\dataconnect\": could not find dataconnect.yaml in `c:\\Users\\ARCHANA PATEL\\Desktop\\doc clustering new 5\\dataconnect`\n"}}
[debug] [2026-04-28T17:00:26.489Z] E0428 22:30:26.489634   25764 watch.go:40] Failed to load config from "c:\\Users\\ARCHANA PATEL\\Desktop\\doc clustering new 5\\dataconnect": could not find dataconnect.yaml in `c:\Users\ARCHANA PATEL\Desktop\doc clustering new 5\dataconnect`
 {"metadata":{"emulator":{"name":"dataconnect"},"message":"E0428 22:30:26.489634   25764 watch.go:40] Failed to load config from \"c:\\\\Users\\\\ARCHANA PATEL\\\\Desktop\\\\doc clustering new 5\\\\dataconnect\": could not find dataconnect.yaml in `c:\\Users\\ARCHANA PATEL\\Desktop\\doc clustering new 5\\dataconnect`\n"}}
[debug] [2026-04-28T17:00:36.488Z] E0428 22:30:36.487941   25764 watch.go:40] Failed to load config from "c:\\Users\\ARCHANA PATEL\\Desktop\\doc clustering new 5\\dataconnect": could not find dataconnect.yaml in `c:\Users\ARCHANA PATEL\Desktop\doc clustering new 5\dataconnect`
 {"metadata":{"emulator":{"name":"dataconnect"},"message":"E0428 22:30:36.487941   25764 watch.go:40] Failed to load config from \"c:\\\\Users\\\\ARCHANA PATEL\\\\Desktop\\\\doc clustering new 5\\\\dataconnect\": could not find dataconnect.yaml in `c:\\Users\\ARCHANA PATEL\\Desktop\\doc clustering new 5\\dataconnect`\n"}}
[debug] [2026-04-28T17:00:46.488Z] E0428 22:30:46.489822   25764 watch.go:40] Failed to load config from "c:\\Users\\ARCHANA PATEL\\Desktop\\doc clustering new 5\\dataconnect": could not find dataconnect.yaml in `c:\Users\ARCHANA PATEL\Desktop\doc clustering new 5\dataconnect`
 {"metadata":{"emulator":{"name":"dataconnect"},"message":"E0428 22:30:46.489822   25764 watch.go:40] Failed to load config from \"c:\\\\Users\\\\ARCHANA PATEL\\\\Desktop\\\\doc clustering new 5\\\\dataconnect\": could not find dataconnect.yaml in `c:\\Users\\ARCHANA PATEL\\Desktop\\doc clustering new 5\\dataconnect`\n"}}
[debug] [2026-04-28T17:00:56.490Z] E0428 22:30:56.490299   25764 watch.go:40] Failed to load config from "c:\\Users\\ARCHANA PATEL\\Desktop\\doc clustering new 5\\dataconnect": could not find dataconnect.yaml in `c:\Users\ARCHANA PATEL\Desktop\doc clustering new 5\dataconnect`
 {"metadata":{"emulator":{"name":"dataconnect"},"message":"E0428 22:30:56.490299   25764 watch.go:40] Failed to load config from \"c:\\\\Users\\\\ARCHANA PATEL\\\\Desktop\\\\doc clustering new 5\\\\dataconnect\": could not find dataconnect.yaml in `c:\\Users\\ARCHANA PATEL\\Desktop\\doc clustering new 5\\dataconnect`\n"}}
[debug] [2026-04-28T17:00:56.520Z] E0428 22:30:56.487789   25764 watch.go:116] watchAllDir unable to walk dir `c:\Users\ARCHANA PATEL\Desktop\doc clustering new 5\dataconnect`: GetFileAttributesEx c:\Users\ARCHANA PATEL\Desktop\doc clustering new 5\dataconnect: The system cannot find the file specified.
 {"metadata":{"emulator":{"name":"dataconnect"},"message":"E0428 22:30:56.487789   25764 watch.go:116] watchAllDir unable to walk dir `c:\\Users\\ARCHANA PATEL\\Desktop\\doc clustering new 5\\dataconnect`: GetFileAttributesEx c:\\Users\\ARCHANA PATEL\\Desktop\\doc clustering new 5\\dataconnect: The system cannot find the file specified.\n"}}
[debug] [2026-04-28T17:01:06.495Z] E0428 22:31:06.494362   25764 watch.go:40] Failed to load config from "c:\\Users\\ARCHANA PATEL\\Desktop\\doc clustering new 5\\dataconnect": could not find dataconnect.yaml in `c:\Users\ARCHANA PATEL\Desktop\doc clustering new 5\dataconnect`
 {"metadata":{"emulator":{"name":"dataconnect"},"message":"E0428 22:31:06.494362   25764 watch.go:40] Failed to load config from \"c:\\\\Users\\\\ARCHANA PATEL\\\\Desktop\\\\doc clustering new 5\\\\dataconnect\": could not find dataconnect.yaml in `c:\\Users\\ARCHANA PATEL\\Desktop\\doc clustering new 5\\dataconnect`\n"}}
[debug] [2026-04-28T17:01:16.493Z] E0428 22:31:16.494087   25764 watch.go:40] Failed to load config from "c:\\Users\\ARCHANA PATEL\\Desktop\\doc clustering new 5\\dataconnect": could not find dataconnect.yaml in `c:\Users\ARCHANA PATEL\Desktop\doc clustering new 5\dataconnect`
 {"metadata":{"emulator":{"name":"dataconnect"},"message":"E0428 22:31:16.494087   25764 watch.go:40] Failed to load config from \"c:\\\\Users\\\\ARCHANA PATEL\\\\Desktop\\\\doc clustering new 5\\\\dataconnect\": could not find dataconnect.yaml in `c:\\Users\\ARCHANA PATEL\\Desktop\\doc clustering new 5\\dataconnect`\n"}}
[debug] [2026-04-28T17:01:26.488Z] E0428 22:31:26.487530   25764 watch.go:40] Failed to load config from "c:\\Users\\ARCHANA PATEL\\Desktop\\doc clustering new 5\\dataconnect": could not find dataconnect.yaml in `c:\Users\ARCHANA PATEL\Desktop\doc clustering new 5\dataconnect`
 {"metadata":{"emulator":{"name":"dataconnect"},"message":"E0428 22:31:26.487530   25764 watch.go:40] Failed to load config from \"c:\\\\Users\\\\ARCHANA PATEL\\\\Desktop\\\\doc clustering new 5\\\\dataconnect\": could not find dataconnect.yaml in `c:\\Users\\ARCHANA PATEL\\Desktop\\doc clustering new 5\\dataconnect`\n"}}
[debug] [2026-04-28T17:01:36.494Z] E0428 22:31:36.492042   25764 watch.go:40] Failed to load config from "c:\\Users\\ARCHANA PATEL\\Desktop\\doc clustering new 5\\dataconnect": could not find dataconnect.yaml in `c:\Users\ARCHANA PATEL\Desktop\doc clustering new 5\dataconnect`
 {"metadata":{"emulator":{"name":"dataconnect"},"message":"E0428 22:31:36.492042   25764 watch.go:40] Failed to load config from \"c:\\\\Users\\\\ARCHANA PATEL\\\\Desktop\\\\doc clustering new 5\\\\dataconnect\": could not find dataconnect.yaml in `c:\\Users\\ARCHANA PATEL\\Desktop\\doc clustering new 5\\dataconnect`\n"}}
[debug] [2026-04-28T17:01:46.492Z] E0428 22:31:46.491646   25764 watch.go:40] Failed to load config from "c:\\Users\\ARCHANA PATEL\\Desktop\\doc clustering new 5\\dataconnect": could not find dataconnect.yaml in `c:\Users\ARCHANA PATEL\Desktop\doc clustering new 5\dataconnect`
 {"metadata":{"emulator":{"name":"dataconnect"},"message":"E0428 22:31:46.491646   25764 watch.go:40] Failed to load config from \"c:\\\\Users\\\\ARCHANA PATEL\\\\Desktop\\\\doc clustering new 5\\\\dataconnect\": could not find dataconnect.yaml in `c:\\Users\\ARCHANA PATEL\\Desktop\\doc clustering new 5\\dataconnect`\n"}}
[debug] [2026-04-28T17:01:56.492Z] E0428 22:31:56.491146   25764 watch.go:40] Failed to load config from "c:\\Users\\ARCHANA PATEL\\Desktop\\doc clustering new 5\\dataconnect": could not find dataconnect.yaml in `c:\Users\ARCHANA PATEL\Desktop\doc clustering new 5\dataconnect`
 {"metadata":{"emulator":{"name":"dataconnect"},"message":"E0428 22:31:56.491146   25764 watch.go:40] Failed to load config from \"c:\\\\Users\\\\ARCHANA PATEL\\\\Desktop\\\\doc clustering new 5\\\\dataconnect\": could not find dataconnect.yaml in `c:\\Users\\ARCHANA PATEL\\Desktop\\doc clustering new 5\\dataconnect`\n"}}
[debug] [2026-04-28T17:01:56.498Z] E0428 22:31:56.488240   25764 watch.go:116] watchAllDir unable to walk dir `c:\Users\ARCHANA PATEL\Desktop\doc clustering new 5\dataconnect`: GetFileAttributesEx c:\Users\ARCHANA PATEL\Desktop\doc clustering new 5\dataconnect: The system cannot find the file specified.
 {"metadata":{"emulator":{"name":"dataconnect"},"message":"E0428 22:31:56.488240   25764 watch.go:116] watchAllDir unable to walk dir `c:\\Users\\ARCHANA PATEL\\Desktop\\doc clustering new 5\\dataconnect`: GetFileAttributesEx c:\\Users\\ARCHANA PATEL\\Desktop\\doc clustering new 5\\dataconnect: The system cannot find the file specified.\n"}}
[debug] [2026-04-28T17:02:06.488Z] E0428 22:32:06.487633   25764 watch.go:40] Failed to load config from "c:\\Users\\ARCHANA PATEL\\Desktop\\doc clustering new 5\\dataconnect": could not find dataconnect.yaml in `c:\Users\ARCHANA PATEL\Desktop\doc clustering new 5\dataconnect`
 {"metadata":{"emulator":{"name":"dataconnect"},"message":"E0428 22:32:06.487633   25764 watch.go:40] Failed to load config from \"c:\\\\Users\\\\ARCHANA PATEL\\\\Desktop\\\\doc clustering new 5\\\\dataconnect\": could not find dataconnect.yaml in `c:\\Users\\ARCHANA PATEL\\Desktop\\doc clustering new 5\\dataconnect`\n"}}
[debug] [2026-04-28T17:02:16.489Z] E0428 22:32:16.488941   25764 watch.go:40] Failed to load config from "c:\\Users\\ARCHANA PATEL\\Desktop\\doc clustering new 5\\dataconnect": could not find dataconnect.yaml in `c:\Users\ARCHANA PATEL\Desktop\doc clustering new 5\dataconnect`
 {"metadata":{"emulator":{"name":"dataconnect"},"message":"E0428 22:32:16.488941   25764 watch.go:40] Failed to load config from \"c:\\\\Users\\\\ARCHANA PATEL\\\\Desktop\\\\doc clustering new 5\\\\dataconnect\": could not find dataconnect.yaml in `c:\\Users\\ARCHANA PATEL\\Desktop\\doc clustering new 5\\dataconnect`\n"}}
[debug] [2026-04-28T17:02:26.488Z] E0428 22:32:26.488101   25764 watch.go:40] Failed to load config from "c:\\Users\\ARCHANA PATEL\\Desktop\\doc clustering new 5\\dataconnect": could not find dataconnect.yaml in `c:\Users\ARCHANA PATEL\Desktop\doc clustering new 5\dataconnect`
 {"metadata":{"emulator":{"name":"dataconnect"},"message":"E0428 22:32:26.488101   25764 watch.go:40] Failed to load config from \"c:\\\\Users\\\\ARCHANA PATEL\\\\Desktop\\\\doc clustering new 5\\\\dataconnect\": could not find dataconnect.yaml in `c:\\Users\\ARCHANA PATEL\\Desktop\\doc clustering new 5\\dataconnect`\n"}}
[debug] [2026-04-28T17:02:36.489Z] E0428 22:32:36.488441   25764 watch.go:40] Failed to load config from "c:\\Users\\ARCHANA PATEL\\Desktop\\doc clustering new 5\\dataconnect": could not find dataconnect.yaml in `c:\Users\ARCHANA PATEL\Desktop\doc clustering new 5\dataconnect`
 {"metadata":{"emulator":{"name":"dataconnect"},"message":"E0428 22:32:36.488441   25764 watch.go:40] Failed to load config from \"c:\\\\Users\\\\ARCHANA PATEL\\\\Desktop\\\\doc clustering new 5\\\\dataconnect\": could not find dataconnect.yaml in `c:\\Users\\ARCHANA PATEL\\Desktop\\doc clustering new 5\\dataconnect`\n"}}
[debug] [2026-04-28T17:02:46.488Z] E0428 22:32:46.487588   25764 watch.go:40] Failed to load config from "c:\\Users\\ARCHANA PATEL\\Desktop\\doc clustering new 5\\dataconnect": could not find dataconnect.yaml in `c:\Users\ARCHANA PATEL\Desktop\doc clustering new 5\dataconnect`
 {"metadata":{"emulator":{"name":"dataconnect"},"message":"E0428 22:32:46.487588   25764 watch.go:40] Failed to load config from \"c:\\\\Users\\\\ARCHANA PATEL\\\\Desktop\\\\doc clustering new 5\\\\dataconnect\": could not find dataconnect.yaml in `c:\\Users\\ARCHANA PATEL\\Desktop\\doc clustering new 5\\dataconnect`\n"}}
[debug] [2026-04-28T17:02:56.491Z] E0428 22:32:56.490470   25764 watch.go:40] Failed to load config from "c:\\Users\\ARCHANA PATEL\\Desktop\\doc clustering new 5\\dataconnect": could not find dataconnect.yaml in `c:\Users\ARCHANA PATEL\Desktop\doc clustering new 5\dataconnect`
 {"metadata":{"emulator":{"name":"dataconnect"},"message":"E0428 22:32:56.490470   25764 watch.go:40] Failed to load config from \"c:\\\\Users\\\\ARCHANA PATEL\\\\Desktop\\\\doc clustering new 5\\\\dataconnect\": could not find dataconnect.yaml in `c:\\Users\\ARCHANA PATEL\\Desktop\\doc clustering new 5\\dataconnect`\n"}}
[debug] [2026-04-28T17:02:56.523Z] E0428 22:32:56.496162   25764 watch.go:116] watchAllDir unable to walk dir `c:\Users\ARCHANA PATEL\Desktop\doc clustering new 5\dataconnect`: GetFileAttributesEx c:\Users\ARCHANA PATEL\Desktop\doc clustering new 5\dataconnect: The system cannot find the file specified.
 {"metadata":{"emulator":{"name":"dataconnect"},"message":"E0428 22:32:56.496162   25764 watch.go:116] watchAllDir unable to walk dir `c:\\Users\\ARCHANA PATEL\\Desktop\\doc clustering new 5\\dataconnect`: GetFileAttributesEx c:\\Users\\ARCHANA PATEL\\Desktop\\doc clustering new 5\\dataconnect: The system cannot find the file specified.\n"}}
[debug] [2026-04-28T17:03:06.491Z] E0428 22:33:06.490178   25764 watch.go:40] Failed to load config from "c:\\Users\\ARCHANA PATEL\\Desktop\\doc clustering new 5\\dataconnect": could not find dataconnect.yaml in `c:\Users\ARCHANA PATEL\Desktop\doc clustering new 5\dataconnect`
 {"metadata":{"emulator":{"name":"dataconnect"},"message":"E0428 22:33:06.490178   25764 watch.go:40] Failed to load config from \"c:\\\\Users\\\\ARCHANA PATEL\\\\Desktop\\\\doc clustering new 5\\\\dataconnect\": could not find dataconnect.yaml in `c:\\Users\\ARCHANA PATEL\\Desktop\\doc clustering new 5\\dataconnect`\n"}}
[debug] [2026-04-28T17:03:16.489Z] E0428 22:33:16.488728   25764 watch.go:40] Failed to load config from "c:\\Users\\ARCHANA PATEL\\Desktop\\doc clustering new 5\\dataconnect": could not find dataconnect.yaml in `c:\Users\ARCHANA PATEL\Desktop\doc clustering new 5\dataconnect`
 {"metadata":{"emulator":{"name":"dataconnect"},"message":"E0428 22:33:16.488728   25764 watch.go:40] Failed to load config from \"c:\\\\Users\\\\ARCHANA PATEL\\\\Desktop\\\\doc clustering new 5\\\\dataconnect\": could not find dataconnect.yaml in `c:\\Users\\ARCHANA PATEL\\Desktop\\doc clustering new 5\\dataconnect`\n"}}
[debug] [2026-04-28T17:03:26.488Z] E0428 22:33:26.487788   25764 watch.go:40] Failed to load config from "c:\\Users\\ARCHANA PATEL\\Desktop\\doc clustering new 5\\dataconnect": could not find dataconnect.yaml in `c:\Users\ARCHANA PATEL\Desktop\doc clustering new 5\dataconnect`
 {"metadata":{"emulator":{"name":"dataconnect"},"message":"E0428 22:33:26.487788   25764 watch.go:40] Failed to load config from \"c:\\\\Users\\\\ARCHANA PATEL\\\\Desktop\\\\doc clustering new 5\\\\dataconnect\": could not find dataconnect.yaml in `c:\\Users\\ARCHANA PATEL\\Desktop\\doc clustering new 5\\dataconnect`\n"}}
[debug] [2026-04-28T17:03:36.488Z] E0428 22:33:36.487545   25764 watch.go:40] Failed to load config from "c:\\Users\\ARCHANA PATEL\\Desktop\\doc clustering new 5\\dataconnect": could not find dataconnect.yaml in `c:\Users\ARCHANA PATEL\Desktop\doc clustering new 5\dataconnect`
 {"metadata":{"emulator":{"name":"dataconnect"},"message":"E0428 22:33:36.487545   25764 watch.go:40] Failed to load config from \"c:\\\\Users\\\\ARCHANA PATEL\\\\Desktop\\\\doc clustering new 5\\\\dataconnect\": could not find dataconnect.yaml in `c:\\Users\\ARCHANA PATEL\\Desktop\\doc clustering new 5\\dataconnect`\n"}}
[debug] [2026-04-28T17:03:46.488Z] E0428 22:33:46.487756   25764 watch.go:40] Failed to load config from "c:\\Users\\ARCHANA PATEL\\Desktop\\doc clustering new 5\\dataconnect": could not find dataconnect.yaml in `c:\Users\ARCHANA PATEL\Desktop\doc clustering new 5\dataconnect`
 {"metadata":{"emulator":{"name":"dataconnect"},"message":"E0428 22:33:46.487756   25764 watch.go:40] Failed to load config from \"c:\\\\Users\\\\ARCHANA PATEL\\\\Desktop\\\\doc clustering new 5\\\\dataconnect\": could not find dataconnect.yaml in `c:\\Users\\ARCHANA PATEL\\Desktop\\doc clustering new 5\\dataconnect`\n"}}
[debug] [2026-04-28T17:03:56.488Z] E0428 22:33:56.487798   25764 watch.go:40] Failed to load config from "c:\\Users\\ARCHANA PATEL\\Desktop\\doc clustering new 5\\dataconnect": could not find dataconnect.yaml in `c:\Users\ARCHANA PATEL\Desktop\doc clustering new 5\dataconnect`
 {"metadata":{"emulator":{"name":"dataconnect"},"message":"E0428 22:33:56.487798   25764 watch.go:40] Failed to load config from \"c:\\\\Users\\\\ARCHANA PATEL\\\\Desktop\\\\doc clustering new 5\\\\dataconnect\": could not find dataconnect.yaml in `c:\\Users\\ARCHANA PATEL\\Desktop\\doc clustering new 5\\dataconnect`\n"}}
[debug] [2026-04-28T17:03:56.489Z] E0428 22:33:56.487798   25764 watch.go:116] watchAllDir unable to walk dir `c:\Users\ARCHANA PATEL\Desktop\doc clustering new 5\dataconnect`: GetFileAttributesEx c:\Users\ARCHANA PATEL\Desktop\doc clustering new 5\dataconnect: The system cannot find the file specified.
 {"metadata":{"emulator":{"name":"dataconnect"},"message":"E0428 22:33:56.487798   25764 watch.go:116] watchAllDir unable to walk dir `c:\\Users\\ARCHANA PATEL\\Desktop\\doc clustering new 5\\dataconnect`: GetFileAttributesEx c:\\Users\\ARCHANA PATEL\\Desktop\\doc clustering new 5\\dataconnect: The system cannot find the file specified.\n"}}
[debug] [2026-04-28T17:04:06.488Z] E0428 22:34:06.488076   25764 watch.go:40] Failed to load config from "c:\\Users\\ARCHANA PATEL\\Desktop\\doc clustering new 5\\dataconnect": could not find dataconnect.yaml in `c:\Users\ARCHANA PATEL\Desktop\doc clustering new 5\dataconnect`
 {"metadata":{"emulator":{"name":"dataconnect"},"message":"E0428 22:34:06.488076   25764 watch.go:40] Failed to load config from \"c:\\\\Users\\\\ARCHANA PATEL\\\\Desktop\\\\doc clustering new 5\\\\dataconnect\": could not find dataconnect.yaml in `c:\\Users\\ARCHANA PATEL\\Desktop\\doc clustering new 5\\dataconnect`\n"}}
[debug] [2026-04-28T17:04:16.488Z] E0428 22:34:16.487881   25764 watch.go:40] Failed to load config from "c:\\Users\\ARCHANA PATEL\\Desktop\\doc clustering new 5\\dataconnect": could not find dataconnect.yaml in `c:\Users\ARCHANA PATEL\Desktop\doc clustering new 5\dataconnect`
 {"metadata":{"emulator":{"name":"dataconnect"},"message":"E0428 22:34:16.487881   25764 watch.go:40] Failed to load config from \"c:\\\\Users\\\\ARCHANA PATEL\\\\Desktop\\\\doc clustering new 5\\\\dataconnect\": could not find dataconnect.yaml in `c:\\Users\\ARCHANA PATEL\\Desktop\\doc clustering new 5\\dataconnect`\n"}}
[debug] [2026-04-28T17:04:26.488Z] E0428 22:34:26.487644   25764 watch.go:40] Failed to load config from "c:\\Users\\ARCHANA PATEL\\Desktop\\doc clustering new 5\\dataconnect": could not find dataconnect.yaml in `c:\Users\ARCHANA PATEL\Desktop\doc clustering new 5\dataconnect`
 {"metadata":{"emulator":{"name":"dataconnect"},"message":"E0428 22:34:26.487644   25764 watch.go:40] Failed to load config from \"c:\\\\Users\\\\ARCHANA PATEL\\\\Desktop\\\\doc clustering new 5\\\\dataconnect\": could not find dataconnect.yaml in `c:\\Users\\ARCHANA PATEL\\Desktop\\doc clustering new 5\\dataconnect`\n"}}
[debug] [2026-04-28T17:04:36.488Z] E0428 22:34:36.488059   25764 watch.go:40] Failed to load config from "c:\\Users\\ARCHANA PATEL\\Desktop\\doc clustering new 5\\dataconnect": could not find dataconnect.yaml in `c:\Users\ARCHANA PATEL\Desktop\doc clustering new 5\dataconnect`
 {"metadata":{"emulator":{"name":"dataconnect"},"message":"E0428 22:34:36.488059   25764 watch.go:40] Failed to load config from \"c:\\\\Users\\\\ARCHANA PATEL\\\\Desktop\\\\doc clustering new 5\\\\dataconnect\": could not find dataconnect.yaml in `c:\\Users\\ARCHANA PATEL\\Desktop\\doc clustering new 5\\dataconnect`\n"}}
[debug] [2026-04-28T17:04:46.488Z] E0428 22:34:46.487852   25764 watch.go:40] Failed to load config from "c:\\Users\\ARCHANA PATEL\\Desktop\\doc clustering new 5\\dataconnect": could not find dataconnect.yaml in `c:\Users\ARCHANA PATEL\Desktop\doc clustering new 5\dataconnect`
 {"metadata":{"emulator":{"name":"dataconnect"},"message":"E0428 22:34:46.487852   25764 watch.go:40] Failed to load config from \"c:\\\\Users\\\\ARCHANA PATEL\\\\Desktop\\\\doc clustering new 5\\\\dataconnect\": could not find dataconnect.yaml in `c:\\Users\\ARCHANA PATEL\\Desktop\\doc clustering new 5\\dataconnect`\n"}}
[debug] [2026-04-28T17:04:56.488Z] E0428 22:34:56.487964   25764 watch.go:40] Failed to load config from "c:\\Users\\ARCHANA PATEL\\Desktop\\doc clustering new 5\\dataconnect": could not find dataconnect.yaml in `c:\Users\ARCHANA PATEL\Desktop\doc clustering new 5\dataconnect`
 {"metadata":{"emulator":{"name":"dataconnect"},"message":"E0428 22:34:56.487964   25764 watch.go:40] Failed to load config from \"c:\\\\Users\\\\ARCHANA PATEL\\\\Desktop\\\\doc clustering new 5\\\\dataconnect\": could not find dataconnect.yaml in `c:\\Users\\ARCHANA PATEL\\Desktop\\doc clustering new 5\\dataconnect`\n"}}
[debug] [2026-04-28T17:04:56.490Z] E0428 22:34:56.487964   25764 watch.go:116] watchAllDir unable to walk dir `c:\Users\ARCHANA PATEL\Desktop\doc clustering new 5\dataconnect`: GetFileAttributesEx c:\Users\ARCHANA PATEL\Desktop\doc clustering new 5\dataconnect: The system cannot find the file specified.
 {"metadata":{"emulator":{"name":"dataconnect"},"message":"E0428 22:34:56.487964   25764 watch.go:116] watchAllDir unable to walk dir `c:\\Users\\ARCHANA PATEL\\Desktop\\doc clustering new 5\\dataconnect`: GetFileAttributesEx c:\\Users\\ARCHANA PATEL\\Desktop\\doc clustering new 5\\dataconnect: The system cannot find the file specified.\n"}}
[debug] [2026-04-28T17:05:06.488Z] E0428 22:35:06.487713   25764 watch.go:40] Failed to load config from "c:\\Users\\ARCHANA PATEL\\Desktop\\doc clustering new 5\\dataconnect": could not find dataconnect.yaml in `c:\Users\ARCHANA PATEL\Desktop\doc clustering new 5\dataconnect`
 {"metadata":{"emulator":{"name":"dataconnect"},"message":"E0428 22:35:06.487713   25764 watch.go:40] Failed to load config from \"c:\\\\Users\\\\ARCHANA PATEL\\\\Desktop\\\\doc clustering new 5\\\\dataconnect\": could not find dataconnect.yaml in `c:\\Users\\ARCHANA PATEL\\Desktop\\doc clustering new 5\\dataconnect`\n"}}
[debug] [2026-04-28T17:05:16.488Z] E0428 22:35:16.488304   25764 watch.go:40] Failed to load config from "c:\\Users\\ARCHANA PATEL\\Desktop\\doc clustering new 5\\dataconnect": could not find dataconnect.yaml in `c:\Users\ARCHANA PATEL\Desktop\doc clustering new 5\dataconnect`
 {"metadata":{"emulator":{"name":"dataconnect"},"message":"E0428 22:35:16.488304   25764 watch.go:40] Failed to load config from \"c:\\\\Users\\\\ARCHANA PATEL\\\\Desktop\\\\doc clustering new 5\\\\dataconnect\": could not find dataconnect.yaml in `c:\\Users\\ARCHANA PATEL\\Desktop\\doc clustering new 5\\dataconnect`\n"}}
[debug] [2026-04-28T17:05:26.488Z] E0428 22:35:26.487787   25764 watch.go:40] Failed to load config from "c:\\Users\\ARCHANA PATEL\\Desktop\\doc clustering new 5\\dataconnect": could not find dataconnect.yaml in `c:\Users\ARCHANA PATEL\Desktop\doc clustering new 5\dataconnect`
 {"metadata":{"emulator":{"name":"dataconnect"},"message":"E0428 22:35:26.487787   25764 watch.go:40] Failed to load config from \"c:\\\\Users\\\\ARCHANA PATEL\\\\Desktop\\\\doc clustering new 5\\\\dataconnect\": could not find dataconnect.yaml in `c:\\Users\\ARCHANA PATEL\\Desktop\\doc clustering new 5\\dataconnect`\n"}}
[debug] [2026-04-28T17:05:36.489Z] E0428 22:35:36.489007   25764 watch.go:40] Failed to load config from "c:\\Users\\ARCHANA PATEL\\Desktop\\doc clustering new 5\\dataconnect": could not find dataconnect.yaml in `c:\Users\ARCHANA PATEL\Desktop\doc clustering new 5\dataconnect`
 {"metadata":{"emulator":{"name":"dataconnect"},"message":"E0428 22:35:36.489007   25764 watch.go:40] Failed to load config from \"c:\\\\Users\\\\ARCHANA PATEL\\\\Desktop\\\\doc clustering new 5\\\\dataconnect\": could not find dataconnect.yaml in `c:\\Users\\ARCHANA PATEL\\Desktop\\doc clustering new 5\\dataconnect`\n"}}
[debug] [2026-04-28T17:05:46.487Z] E0428 22:35:46.487937   25764 watch.go:40] Failed to load config from "c:\\Users\\ARCHANA PATEL\\Desktop\\doc clustering new 5\\dataconnect": could not find dataconnect.yaml in `c:\Users\ARCHANA PATEL\Desktop\doc clustering new 5\dataconnect`
 {"metadata":{"emulator":{"name":"dataconnect"},"message":"E0428 22:35:46.487937   25764 watch.go:40] Failed to load config from \"c:\\\\Users\\\\ARCHANA PATEL\\\\Desktop\\\\doc clustering new 5\\\\dataconnect\": could not find dataconnect.yaml in `c:\\Users\\ARCHANA PATEL\\Desktop\\doc clustering new 5\\dataconnect`\n"}}
[debug] [2026-04-28T17:05:56.487Z] E0428 22:35:56.487846   25764 watch.go:116] watchAllDir unable to walk dir `c:\Users\ARCHANA PATEL\Desktop\doc clustering new 5\dataconnect`: GetFileAttributesEx c:\Users\ARCHANA PATEL\Desktop\doc clustering new 5\dataconnect: The system cannot find the file specified.
E0428 22:35:56.487846   25764 watch.go:40] Failed to load config from "c:\\Users\\ARCHANA PATEL\\Desktop\\doc clustering new 5\\dataconnect": could not find dataconnect.yaml in `c:\Users\ARCHANA PATEL\Desktop\doc clustering new 5\dataconnect`
 {"metadata":{"emulator":{"name":"dataconnect"},"message":"E0428 22:35:56.487846   25764 watch.go:116] watchAllDir unable to walk dir `c:\\Users\\ARCHANA PATEL\\Desktop\\doc clustering new 5\\dataconnect`: GetFileAttributesEx c:\\Users\\ARCHANA PATEL\\Desktop\\doc clustering new 5\\dataconnect: The system cannot find the file specified.\nE0428 22:35:56.487846   25764 watch.go:40] Failed to load config from \"c:\\\\Users\\\\ARCHANA PATEL\\\\Desktop\\\\doc clustering new 5\\\\dataconnect\": could not find dataconnect.yaml in `c:\\Users\\ARCHANA PATEL\\Desktop\\doc clustering new 5\\dataconnect`\n"}}
[debug] [2026-04-28T17:06:06.488Z] E0428 22:36:06.488542   25764 watch.go:40] Failed to load config from "c:\\Users\\ARCHANA PATEL\\Desktop\\doc clustering new 5\\dataconnect": could not find dataconnect.yaml in `c:\Users\ARCHANA PATEL\Desktop\doc clustering new 5\dataconnect`
 {"metadata":{"emulator":{"name":"dataconnect"},"message":"E0428 22:36:06.488542   25764 watch.go:40] Failed to load config from \"c:\\\\Users\\\\ARCHANA PATEL\\\\Desktop\\\\doc clustering new 5\\\\dataconnect\": could not find dataconnect.yaml in `c:\\Users\\ARCHANA PATEL\\Desktop\\doc clustering new 5\\dataconnect`\n"}}
[debug] [2026-04-28T17:06:16.487Z] E0428 22:36:16.487784   25764 watch.go:40] Failed to load config from "c:\\Users\\ARCHANA PATEL\\Desktop\\doc clustering new 5\\dataconnect": could not find dataconnect.yaml in `c:\Users\ARCHANA PATEL\Desktop\doc clustering new 5\dataconnect`
 {"metadata":{"emulator":{"name":"dataconnect"},"message":"E0428 22:36:16.487784   25764 watch.go:40] Failed to load config from \"c:\\\\Users\\\\ARCHANA PATEL\\\\Desktop\\\\doc clustering new 5\\\\dataconnect\": could not find dataconnect.yaml in `c:\\Users\\ARCHANA PATEL\\Desktop\\doc clustering new 5\\dataconnect`\n"}}
[debug] [2026-04-28T17:06:26.487Z] E0428 22:36:26.487631   25764 watch.go:40] Failed to load config from "c:\\Users\\ARCHANA PATEL\\Desktop\\doc clustering new 5\\dataconnect": could not find dataconnect.yaml in `c:\Users\ARCHANA PATEL\Desktop\doc clustering new 5\dataconnect`
 {"metadata":{"emulator":{"name":"dataconnect"},"message":"E0428 22:36:26.487631   25764 watch.go:40] Failed to load config from \"c:\\\\Users\\\\ARCHANA PATEL\\\\Desktop\\\\doc clustering new 5\\\\dataconnect\": could not find dataconnect.yaml in `c:\\Users\\ARCHANA PATEL\\Desktop\\doc clustering new 5\\dataconnect`\n"}}
[debug] [2026-04-28T17:06:36.487Z] E0428 22:36:36.487976   25764 watch.go:40] Failed to load config from "c:\\Users\\ARCHANA PATEL\\Desktop\\doc clustering new 5\\dataconnect": could not find dataconnect.yaml in `c:\Users\ARCHANA PATEL\Desktop\doc clustering new 5\dataconnect`
 {"metadata":{"emulator":{"name":"dataconnect"},"message":"E0428 22:36:36.487976   25764 watch.go:40] Failed to load config from \"c:\\\\Users\\\\ARCHANA PATEL\\\\Desktop\\\\doc clustering new 5\\\\dataconnect\": could not find dataconnect.yaml in `c:\\Users\\ARCHANA PATEL\\Desktop\\doc clustering new 5\\dataconnect`\n"}}
[debug] [2026-04-28T17:06:46.489Z] E0428 22:36:46.488592   25764 watch.go:40] Failed to load config from "c:\\Users\\ARCHANA PATEL\\Desktop\\doc clustering new 5\\dataconnect": could not find dataconnect.yaml in `c:\Users\ARCHANA PATEL\Desktop\doc clustering new 5\dataconnect`
 {"metadata":{"emulator":{"name":"dataconnect"},"message":"E0428 22:36:46.488592   25764 watch.go:40] Failed to load config from \"c:\\\\Users\\\\ARCHANA PATEL\\\\Desktop\\\\doc clustering new 5\\\\dataconnect\": could not find dataconnect.yaml in `c:\\Users\\ARCHANA PATEL\\Desktop\\doc clustering new 5\\dataconnect`\n"}}
[debug] [2026-04-28T17:06:56.488Z] E0428 22:36:56.488195   25764 watch.go:116] watchAllDir unable to walk dir `c:\Users\ARCHANA PATEL\Desktop\doc clustering new 5\dataconnect`: GetFileAttributesEx c:\Users\ARCHANA PATEL\Desktop\doc clustering new 5\dataconnect: The system cannot find the file specified.
E0428 22:36:56.488557   25764 watch.go:40] Failed to load config from "c:\\Users\\ARCHANA PATEL\\Desktop\\doc clustering new 5\\dataconnect": could not find dataconnect.yaml in `c:\Users\ARCHANA PATEL\Desktop\doc clustering new 5\dataconnect`
 {"metadata":{"emulator":{"name":"dataconnect"},"message":"E0428 22:36:56.488195   25764 watch.go:116] watchAllDir unable to walk dir `c:\\Users\\ARCHANA PATEL\\Desktop\\doc clustering new 5\\dataconnect`: GetFileAttributesEx c:\\Users\\ARCHANA PATEL\\Desktop\\doc clustering new 5\\dataconnect: The system cannot find the file specified.\nE0428 22:36:56.488557   25764 watch.go:40] Failed to load config from \"c:\\\\Users\\\\ARCHANA PATEL\\\\Desktop\\\\doc clustering new 5\\\\dataconnect\": could not find dataconnect.yaml in `c:\\Users\\ARCHANA PATEL\\Desktop\\doc clustering new 5\\dataconnect`\n"}}
[debug] [2026-04-28T17:07:06.487Z] E0428 22:37:06.487683   25764 watch.go:40] Failed to load config from "c:\\Users\\ARCHANA PATEL\\Desktop\\doc clustering new 5\\dataconnect": could not find dataconnect.yaml in `c:\Users\ARCHANA PATEL\Desktop\doc clustering new 5\dataconnect`
 {"metadata":{"emulator":{"name":"dataconnect"},"message":"E0428 22:37:06.487683   25764 watch.go:40] Failed to load config from \"c:\\\\Users\\\\ARCHANA PATEL\\\\Desktop\\\\doc clustering new 5\\\\dataconnect\": could not find dataconnect.yaml in `c:\\Users\\ARCHANA PATEL\\Desktop\\doc clustering new 5\\dataconnect`\n"}}
[debug] [2026-04-28T17:07:16.488Z] E0428 22:37:16.487821   25764 watch.go:40] Failed to load config from "c:\\Users\\ARCHANA PATEL\\Desktop\\doc clustering new 5\\dataconnect": could not find dataconnect.yaml in `c:\Users\ARCHANA PATEL\Desktop\doc clustering new 5\dataconnect`
 {"metadata":{"emulator":{"name":"dataconnect"},"message":"E0428 22:37:16.487821   25764 watch.go:40] Failed to load config from \"c:\\\\Users\\\\ARCHANA PATEL\\\\Desktop\\\\doc clustering new 5\\\\dataconnect\": could not find dataconnect.yaml in `c:\\Users\\ARCHANA PATEL\\Desktop\\doc clustering new 5\\dataconnect`\n"}}
[debug] [2026-04-28T17:07:26.492Z] E0428 22:37:26.492361   25764 watch.go:40] Failed to load config from "c:\\Users\\ARCHANA PATEL\\Desktop\\doc clustering new 5\\dataconnect": could not find dataconnect.yaml in `c:\Users\ARCHANA PATEL\Desktop\doc clustering new 5\dataconnect`
 {"metadata":{"emulator":{"name":"dataconnect"},"message":"E0428 22:37:26.492361   25764 watch.go:40] Failed to load config from \"c:\\\\Users\\\\ARCHANA PATEL\\\\Desktop\\\\doc clustering new 5\\\\dataconnect\": could not find dataconnect.yaml in `c:\\Users\\ARCHANA PATEL\\Desktop\\doc clustering new 5\\dataconnect`\n"}}
[debug] [2026-04-28T17:07:36.489Z] E0428 22:37:36.488861   25764 watch.go:40] Failed to load config from "c:\\Users\\ARCHANA PATEL\\Desktop\\doc clustering new 5\\dataconnect": could not find dataconnect.yaml in `c:\Users\ARCHANA PATEL\Desktop\doc clustering new 5\dataconnect`
 {"metadata":{"emulator":{"name":"dataconnect"},"message":"E0428 22:37:36.488861   25764 watch.go:40] Failed to load config from \"c:\\\\Users\\\\ARCHANA PATEL\\\\Desktop\\\\doc clustering new 5\\\\dataconnect\": could not find dataconnect.yaml in `c:\\Users\\ARCHANA PATEL\\Desktop\\doc clustering new 5\\dataconnect`\n"}}
[debug] [2026-04-28T17:07:46.488Z] E0428 22:37:46.487745   25764 watch.go:40] Failed to load config from "c:\\Users\\ARCHANA PATEL\\Desktop\\doc clustering new 5\\dataconnect": could not find dataconnect.yaml in `c:\Users\ARCHANA PATEL\Desktop\doc clustering new 5\dataconnect`
 {"metadata":{"emulator":{"name":"dataconnect"},"message":"E0428 22:37:46.487745   25764 watch.go:40] Failed to load config from \"c:\\\\Users\\\\ARCHANA PATEL\\\\Desktop\\\\doc clustering new 5\\\\dataconnect\": could not find dataconnect.yaml in `c:\\Users\\ARCHANA PATEL\\Desktop\\doc clustering new 5\\dataconnect`\n"}}
[debug] [2026-04-28T17:07:56.487Z] E0428 22:37:56.487881   25764 watch.go:116] watchAllDir unable to walk dir `c:\Users\ARCHANA PATEL\Desktop\doc clustering new 5\dataconnect`: GetFileAttributesEx c:\Users\ARCHANA PATEL\Desktop\doc clustering new 5\dataconnect: The system cannot find the file specified.
 {"metadata":{"emulator":{"name":"dataconnect"},"message":"E0428 22:37:56.487881   25764 watch.go:116] watchAllDir unable to walk dir `c:\\Users\\ARCHANA PATEL\\Desktop\\doc clustering new 5\\dataconnect`: GetFileAttributesEx c:\\Users\\ARCHANA PATEL\\Desktop\\doc clustering new 5\\dataconnect: The system cannot find the file specified.\n"}}
[debug] [2026-04-28T17:07:56.488Z] E0428 22:37:56.487881   25764 watch.go:40] Failed to load config from "c:\\Users\\ARCHANA PATEL\\Desktop\\doc clustering new 5\\dataconnect": could not find dataconnect.yaml in `c:\Users\ARCHANA PATEL\Desktop\doc clustering new 5\dataconnect`
 {"metadata":{"emulator":{"name":"dataconnect"},"message":"E0428 22:37:56.487881   25764 watch.go:40] Failed to load config from \"c:\\\\Users\\\\ARCHANA PATEL\\\\Desktop\\\\doc clustering new 5\\\\dataconnect\": could not find dataconnect.yaml in `c:\\Users\\ARCHANA PATEL\\Desktop\\doc clustering new 5\\dataconnect`\n"}}
[debug] [2026-04-28T17:08:06.487Z] E0428 22:38:06.487530   25764 watch.go:40] Failed to load config from "c:\\Users\\ARCHANA PATEL\\Desktop\\doc clustering new 5\\dataconnect": could not find dataconnect.yaml in `c:\Users\ARCHANA PATEL\Desktop\doc clustering new 5\dataconnect`
 {"metadata":{"emulator":{"name":"dataconnect"},"message":"E0428 22:38:06.487530   25764 watch.go:40] Failed to load config from \"c:\\\\Users\\\\ARCHANA PATEL\\\\Desktop\\\\doc clustering new 5\\\\dataconnect\": could not find dataconnect.yaml in `c:\\Users\\ARCHANA PATEL\\Desktop\\doc clustering new 5\\dataconnect`\n"}}
[debug] [2026-04-28T17:08:16.487Z] E0428 22:38:16.487724   25764 watch.go:40] Failed to load config from "c:\\Users\\ARCHANA PATEL\\Desktop\\doc clustering new 5\\dataconnect": could not find dataconnect.yaml in `c:\Users\ARCHANA PATEL\Desktop\doc clustering new 5\dataconnect`
 {"metadata":{"emulator":{"name":"dataconnect"},"message":"E0428 22:38:16.487724   25764 watch.go:40] Failed to load config from \"c:\\\\Users\\\\ARCHANA PATEL\\\\Desktop\\\\doc clustering new 5\\\\dataconnect\": could not find dataconnect.yaml in `c:\\Users\\ARCHANA PATEL\\Desktop\\doc clustering new 5\\dataconnect`\n"}}
[debug] [2026-04-28T17:08:26.490Z] E0428 22:38:26.489861   25764 watch.go:40] Failed to load config from "c:\\Users\\ARCHANA PATEL\\Desktop\\doc clustering new 5\\dataconnect": could not find dataconnect.yaml in `c:\Users\ARCHANA PATEL\Desktop\doc clustering new 5\dataconnect`
 {"metadata":{"emulator":{"name":"dataconnect"},"message":"E0428 22:38:26.489861   25764 watch.go:40] Failed to load config from \"c:\\\\Users\\\\ARCHANA PATEL\\\\Desktop\\\\doc clustering new 5\\\\dataconnect\": could not find dataconnect.yaml in `c:\\Users\\ARCHANA PATEL\\Desktop\\doc clustering new 5\\dataconnect`\n"}}
[debug] [2026-04-28T17:08:36.488Z] E0428 22:38:36.488362   25764 watch.go:40] Failed to load config from "c:\\Users\\ARCHANA PATEL\\Desktop\\doc clustering new 5\\dataconnect": could not find dataconnect.yaml in `c:\Users\ARCHANA PATEL\Desktop\doc clustering new 5\dataconnect`
 {"metadata":{"emulator":{"name":"dataconnect"},"message":"E0428 22:38:36.488362   25764 watch.go:40] Failed to load config from \"c:\\\\Users\\\\ARCHANA PATEL\\\\Desktop\\\\doc clustering new 5\\\\dataconnect\": could not find dataconnect.yaml in `c:\\Users\\ARCHANA PATEL\\Desktop\\doc clustering new 5\\dataconnect`\n"}}
[debug] [2026-04-28T17:08:46.488Z] E0428 22:38:46.488381   25764 watch.go:40] Failed to load config from "c:\\Users\\ARCHANA PATEL\\Desktop\\doc clustering new 5\\dataconnect": could not find dataconnect.yaml in `c:\Users\ARCHANA PATEL\Desktop\doc clustering new 5\dataconnect`
 {"metadata":{"emulator":{"name":"dataconnect"},"message":"E0428 22:38:46.488381   25764 watch.go:40] Failed to load config from \"c:\\\\Users\\\\ARCHANA PATEL\\\\Desktop\\\\doc clustering new 5\\\\dataconnect\": could not find dataconnect.yaml in `c:\\Users\\ARCHANA PATEL\\Desktop\\doc clustering new 5\\dataconnect`\n"}}
[debug] [2026-04-28T17:08:56.498Z] E0428 22:38:56.487649   25764 watch.go:116] watchAllDir unable to walk dir `c:\Users\ARCHANA PATEL\Desktop\doc clustering new 5\dataconnect`: GetFileAttributesEx c:\Users\ARCHANA PATEL\Desktop\doc clustering new 5\dataconnect: The system cannot find the file specified.
 {"metadata":{"emulator":{"name":"dataconnect"},"message":"E0428 22:38:56.487649   25764 watch.go:116] watchAllDir unable to walk dir `c:\\Users\\ARCHANA PATEL\\Desktop\\doc clustering new 5\\dataconnect`: GetFileAttributesEx c:\\Users\\ARCHANA PATEL\\Desktop\\doc clustering new 5\\dataconnect: The system cannot find the file specified.\n"}}
[debug] [2026-04-28T17:08:56.499Z] E0428 22:38:56.488071   25764 watch.go:40] Failed to load config from "c:\\Users\\ARCHANA PATEL\\Desktop\\doc clustering new 5\\dataconnect": could not find dataconnect.yaml in `c:\Users\ARCHANA PATEL\Desktop\doc clustering new 5\dataconnect`
 {"metadata":{"emulator":{"name":"dataconnect"},"message":"E0428 22:38:56.488071   25764 watch.go:40] Failed to load config from \"c:\\\\Users\\\\ARCHANA PATEL\\\\Desktop\\\\doc clustering new 5\\\\dataconnect\": could not find dataconnect.yaml in `c:\\Users\\ARCHANA PATEL\\Desktop\\doc clustering new 5\\dataconnect`\n"}}
[debug] [2026-04-28T17:09:06.489Z] E0428 22:39:06.489229   25764 watch.go:40] Failed to load config from "c:\\Users\\ARCHANA PATEL\\Desktop\\doc clustering new 5\\dataconnect": could not find dataconnect.yaml in `c:\Users\ARCHANA PATEL\Desktop\doc clustering new 5\dataconnect`
 {"metadata":{"emulator":{"name":"dataconnect"},"message":"E0428 22:39:06.489229   25764 watch.go:40] Failed to load config from \"c:\\\\Users\\\\ARCHANA PATEL\\\\Desktop\\\\doc clustering new 5\\\\dataconnect\": could not find dataconnect.yaml in `c:\\Users\\ARCHANA PATEL\\Desktop\\doc clustering new 5\\dataconnect`\n"}}
[debug] [2026-04-28T17:09:16.487Z] E0428 22:39:16.487503   25764 watch.go:40] Failed to load config from "c:\\Users\\ARCHANA PATEL\\Desktop\\doc clustering new 5\\dataconnect": could not find dataconnect.yaml in `c:\Users\ARCHANA PATEL\Desktop\doc clustering new 5\dataconnect`
 {"metadata":{"emulator":{"name":"dataconnect"},"message":"E0428 22:39:16.487503   25764 watch.go:40] Failed to load config from \"c:\\\\Users\\\\ARCHANA PATEL\\\\Desktop\\\\doc clustering new 5\\\\dataconnect\": could not find dataconnect.yaml in `c:\\Users\\ARCHANA PATEL\\Desktop\\doc clustering new 5\\dataconnect`\n"}}
[debug] [2026-04-28T17:09:26.488Z] E0428 22:39:26.487906   25764 watch.go:40] Failed to load config from "c:\\Users\\ARCHANA PATEL\\Desktop\\doc clustering new 5\\dataconnect": could not find dataconnect.yaml in `c:\Users\ARCHANA PATEL\Desktop\doc clustering new 5\dataconnect`
 {"metadata":{"emulator":{"name":"dataconnect"},"message":"E0428 22:39:26.487906   25764 watch.go:40] Failed to load config from \"c:\\\\Users\\\\ARCHANA PATEL\\\\Desktop\\\\doc clustering new 5\\\\dataconnect\": could not find dataconnect.yaml in `c:\\Users\\ARCHANA PATEL\\Desktop\\doc clustering new 5\\dataconnect`\n"}}
[debug] [2026-04-28T17:09:36.488Z] E0428 22:39:36.487826   25764 watch.go:40] Failed to load config from "c:\\Users\\ARCHANA PATEL\\Desktop\\doc clustering new 5\\dataconnect": could not find dataconnect.yaml in `c:\Users\ARCHANA PATEL\Desktop\doc clustering new 5\dataconnect`
 {"metadata":{"emulator":{"name":"dataconnect"},"message":"E0428 22:39:36.487826   25764 watch.go:40] Failed to load config from \"c:\\\\Users\\\\ARCHANA PATEL\\\\Desktop\\\\doc clustering new 5\\\\dataconnect\": could not find dataconnect.yaml in `c:\\Users\\ARCHANA PATEL\\Desktop\\doc clustering new 5\\dataconnect`\n"}}
[debug] [2026-04-28T17:09:46.488Z] E0428 22:39:46.488874   25764 watch.go:40] Failed to load config from "c:\\Users\\ARCHANA PATEL\\Desktop\\doc clustering new 5\\dataconnect": could not find dataconnect.yaml in `c:\Users\ARCHANA PATEL\Desktop\doc clustering new 5\dataconnect`
 {"metadata":{"emulator":{"name":"dataconnect"},"message":"E0428 22:39:46.488874   25764 watch.go:40] Failed to load config from \"c:\\\\Users\\\\ARCHANA PATEL\\\\Desktop\\\\doc clustering new 5\\\\dataconnect\": could not find dataconnect.yaml in `c:\\Users\\ARCHANA PATEL\\Desktop\\doc clustering new 5\\dataconnect`\n"}}
[debug] [2026-04-28T17:09:56.487Z] E0428 22:39:56.487568   25764 watch.go:40] Failed to load config from "c:\\Users\\ARCHANA PATEL\\Desktop\\doc clustering new 5\\dataconnect": could not find dataconnect.yaml in `c:\Users\ARCHANA PATEL\Desktop\doc clustering new 5\dataconnect`
 {"metadata":{"emulator":{"name":"dataconnect"},"message":"E0428 22:39:56.487568   25764 watch.go:40] Failed to load config from \"c:\\\\Users\\\\ARCHANA PATEL\\\\Desktop\\\\doc clustering new 5\\\\dataconnect\": could not find dataconnect.yaml in `c:\\Users\\ARCHANA PATEL\\Desktop\\doc clustering new 5\\dataconnect`\n"}}
[debug] [2026-04-28T17:09:56.489Z] E0428 22:39:56.487568   25764 watch.go:116] watchAllDir unable to walk dir `c:\Users\ARCHANA PATEL\Desktop\doc clustering new 5\dataconnect`: GetFileAttributesEx c:\Users\ARCHANA PATEL\Desktop\doc clustering new 5\dataconnect: The system cannot find the file specified.
 {"metadata":{"emulator":{"name":"dataconnect"},"message":"E0428 22:39:56.487568   25764 watch.go:116] watchAllDir unable to walk dir `c:\\Users\\ARCHANA PATEL\\Desktop\\doc clustering new 5\\dataconnect`: GetFileAttributesEx c:\\Users\\ARCHANA PATEL\\Desktop\\doc clustering new 5\\dataconnect: The system cannot find the file specified.\n"}}
[debug] [2026-04-28T17:10:06.487Z] E0428 22:40:06.487507   25764 watch.go:40] Failed to load config from "c:\\Users\\ARCHANA PATEL\\Desktop\\doc clustering new 5\\dataconnect": could not find dataconnect.yaml in `c:\Users\ARCHANA PATEL\Desktop\doc clustering new 5\dataconnect`
 {"metadata":{"emulator":{"name":"dataconnect"},"message":"E0428 22:40:06.487507   25764 watch.go:40] Failed to load config from \"c:\\\\Users\\\\ARCHANA PATEL\\\\Desktop\\\\doc clustering new 5\\\\dataconnect\": could not find dataconnect.yaml in `c:\\Users\\ARCHANA PATEL\\Desktop\\doc clustering new 5\\dataconnect`\n"}}
[debug] [2026-04-28T17:10:16.488Z] E0428 22:40:16.487720   25764 watch.go:40] Failed to load config from "c:\\Users\\ARCHANA PATEL\\Desktop\\doc clustering new 5\\dataconnect": could not find dataconnect.yaml in `c:\Users\ARCHANA PATEL\Desktop\doc clustering new 5\dataconnect`
 {"metadata":{"emulator":{"name":"dataconnect"},"message":"E0428 22:40:16.487720   25764 watch.go:40] Failed to load config from \"c:\\\\Users\\\\ARCHANA PATEL\\\\Desktop\\\\doc clustering new 5\\\\dataconnect\": could not find dataconnect.yaml in `c:\\Users\\ARCHANA PATEL\\Desktop\\doc clustering new 5\\dataconnect`\n"}}
[debug] [2026-04-28T17:10:26.489Z] E0428 22:40:26.489247   25764 watch.go:40] Failed to load config from "c:\\Users\\ARCHANA PATEL\\Desktop\\doc clustering new 5\\dataconnect": could not find dataconnect.yaml in `c:\Users\ARCHANA PATEL\Desktop\doc clustering new 5\dataconnect`
 {"metadata":{"emulator":{"name":"dataconnect"},"message":"E0428 22:40:26.489247   25764 watch.go:40] Failed to load config from \"c:\\\\Users\\\\ARCHANA PATEL\\\\Desktop\\\\doc clustering new 5\\\\dataconnect\": could not find dataconnect.yaml in `c:\\Users\\ARCHANA PATEL\\Desktop\\doc clustering new 5\\dataconnect`\n"}}
[debug] [2026-04-28T17:10:36.488Z] E0428 22:40:36.487408   25764 watch.go:40] Failed to load config from "c:\\Users\\ARCHANA PATEL\\Desktop\\doc clustering new 5\\dataconnect": could not find dataconnect.yaml in `c:\Users\ARCHANA PATEL\Desktop\doc clustering new 5\dataconnect`
 {"metadata":{"emulator":{"name":"dataconnect"},"message":"E0428 22:40:36.487408   25764 watch.go:40] Failed to load config from \"c:\\\\Users\\\\ARCHANA PATEL\\\\Desktop\\\\doc clustering new 5\\\\dataconnect\": could not find dataconnect.yaml in `c:\\Users\\ARCHANA PATEL\\Desktop\\doc clustering new 5\\dataconnect`\n"}}
[debug] [2026-04-28T17:10:46.488Z] E0428 22:40:46.488458   25764 watch.go:40] Failed to load config from "c:\\Users\\ARCHANA PATEL\\Desktop\\doc clustering new 5\\dataconnect": could not find dataconnect.yaml in `c:\Users\ARCHANA PATEL\Desktop\doc clustering new 5\dataconnect`
 {"metadata":{"emulator":{"name":"dataconnect"},"message":"E0428 22:40:46.488458   25764 watch.go:40] Failed to load config from \"c:\\\\Users\\\\ARCHANA PATEL\\\\Desktop\\\\doc clustering new 5\\\\dataconnect\": could not find dataconnect.yaml in `c:\\Users\\ARCHANA PATEL\\Desktop\\doc clustering new 5\\dataconnect`\n"}}
[debug] [2026-04-28T17:10:56.491Z] E0428 22:40:56.490757   25764 watch.go:40] Failed to load config from "c:\\Users\\ARCHANA PATEL\\Desktop\\doc clustering new 5\\dataconnect": could not find dataconnect.yaml in `c:\Users\ARCHANA PATEL\Desktop\doc clustering new 5\dataconnect`
 {"metadata":{"emulator":{"name":"dataconnect"},"message":"E0428 22:40:56.490757   25764 watch.go:40] Failed to load config from \"c:\\\\Users\\\\ARCHANA PATEL\\\\Desktop\\\\doc clustering new 5\\\\dataconnect\": could not find dataconnect.yaml in `c:\\Users\\ARCHANA PATEL\\Desktop\\doc clustering new 5\\dataconnect`\n"}}
[debug] [2026-04-28T17:10:56.496Z] E0428 22:40:56.490180   25764 watch.go:116] watchAllDir unable to walk dir `c:\Users\ARCHANA PATEL\Desktop\doc clustering new 5\dataconnect`: GetFileAttributesEx c:\Users\ARCHANA PATEL\Desktop\doc clustering new 5\dataconnect: The system cannot find the file specified.
 {"metadata":{"emulator":{"name":"dataconnect"},"message":"E0428 22:40:56.490180   25764 watch.go:116] watchAllDir unable to walk dir `c:\\Users\\ARCHANA PATEL\\Desktop\\doc clustering new 5\\dataconnect`: GetFileAttributesEx c:\\Users\\ARCHANA PATEL\\Desktop\\doc clustering new 5\\dataconnect: The system cannot find the file specified.\n"}}
[debug] [2026-04-28T17:11:06.502Z] E0428 22:41:06.493492   25764 watch.go:40] Failed to load config from "c:\\Users\\ARCHANA PATEL\\Desktop\\doc clustering new 5\\dataconnect": could not find dataconnect.yaml in `c:\Users\ARCHANA PATEL\Desktop\doc clustering new 5\dataconnect`
 {"metadata":{"emulator":{"name":"dataconnect"},"message":"E0428 22:41:06.493492   25764 watch.go:40] Failed to load config from \"c:\\\\Users\\\\ARCHANA PATEL\\\\Desktop\\\\doc clustering new 5\\\\dataconnect\": could not find dataconnect.yaml in `c:\\Users\\ARCHANA PATEL\\Desktop\\doc clustering new 5\\dataconnect`\n"}}
[debug] [2026-04-28T17:11:16.624Z] E0428 22:41:16.581020   25764 watch.go:40] Failed to load config from "c:\\Users\\ARCHANA PATEL\\Desktop\\doc clustering new 5\\dataconnect": could not find dataconnect.yaml in `c:\Users\ARCHANA PATEL\Desktop\doc clustering new 5\dataconnect`
 {"metadata":{"emulator":{"name":"dataconnect"},"message":"E0428 22:41:16.581020   25764 watch.go:40] Failed to load config from \"c:\\\\Users\\\\ARCHANA PATEL\\\\Desktop\\\\doc clustering new 5\\\\dataconnect\": could not find dataconnect.yaml in `c:\\Users\\ARCHANA PATEL\\Desktop\\doc clustering new 5\\dataconnect`\n"}}
[debug] [2026-04-28T17:11:26.491Z] E0428 22:41:26.489996   25764 watch.go:40] Failed to load config from "c:\\Users\\ARCHANA PATEL\\Desktop\\doc clustering new 5\\dataconnect": could not find dataconnect.yaml in `c:\Users\ARCHANA PATEL\Desktop\doc clustering new 5\dataconnect`
 {"metadata":{"emulator":{"name":"dataconnect"},"message":"E0428 22:41:26.489996   25764 watch.go:40] Failed to load config from \"c:\\\\Users\\\\ARCHANA PATEL\\\\Desktop\\\\doc clustering new 5\\\\dataconnect\": could not find dataconnect.yaml in `c:\\Users\\ARCHANA PATEL\\Desktop\\doc clustering new 5\\dataconnect`\n"}}
[debug] [2026-04-28T17:11:36.868Z] E0428 22:41:36.581320   25764 watch.go:40] Failed to load config from "c:\\Users\\ARCHANA PATEL\\Desktop\\doc clustering new 5\\dataconnect": could not find dataconnect.yaml in `c:\Users\ARCHANA PATEL\Desktop\doc clustering new 5\dataconnect`
 {"metadata":{"emulator":{"name":"dataconnect"},"message":"E0428 22:41:36.581320   25764 watch.go:40] Failed to load config from \"c:\\\\Users\\\\ARCHANA PATEL\\\\Desktop\\\\doc clustering new 5\\\\dataconnect\": could not find dataconnect.yaml in `c:\\Users\\ARCHANA PATEL\\Desktop\\doc clustering new 5\\dataconnect`\n"}}
[debug] [2026-04-28T17:11:46.490Z] E0428 22:41:46.489873   25764 watch.go:40] Failed to load config from "c:\\Users\\ARCHANA PATEL\\Desktop\\doc clustering new 5\\dataconnect": could not find dataconnect.yaml in `c:\Users\ARCHANA PATEL\Desktop\doc clustering new 5\dataconnect`
 {"metadata":{"emulator":{"name":"dataconnect"},"message":"E0428 22:41:46.489873   25764 watch.go:40] Failed to load config from \"c:\\\\Users\\\\ARCHANA PATEL\\\\Desktop\\\\doc clustering new 5\\\\dataconnect\": could not find dataconnect.yaml in `c:\\Users\\ARCHANA PATEL\\Desktop\\doc clustering new 5\\dataconnect`\n"}}
[debug] [2026-04-28T17:11:56.490Z] E0428 22:41:56.489286   25764 watch.go:40] Failed to load config from "c:\\Users\\ARCHANA PATEL\\Desktop\\doc clustering new 5\\dataconnect": could not find dataconnect.yaml in `c:\Users\ARCHANA PATEL\Desktop\doc clustering new 5\dataconnect`
 {"metadata":{"emulator":{"name":"dataconnect"},"message":"E0428 22:41:56.489286   25764 watch.go:40] Failed to load config from \"c:\\\\Users\\\\ARCHANA PATEL\\\\Desktop\\\\doc clustering new 5\\\\dataconnect\": could not find dataconnect.yaml in `c:\\Users\\ARCHANA PATEL\\Desktop\\doc clustering new 5\\dataconnect`\n"}}
[debug] [2026-04-28T17:11:56.521Z] E0428 22:41:56.490079   25764 watch.go:116] watchAllDir unable to walk dir `c:\Users\ARCHANA PATEL\Desktop\doc clustering new 5\dataconnect`: GetFileAttributesEx c:\Users\ARCHANA PATEL\Desktop\doc clustering new 5\dataconnect: The system cannot find the file specified.
 {"metadata":{"emulator":{"name":"dataconnect"},"message":"E0428 22:41:56.490079   25764 watch.go:116] watchAllDir unable to walk dir `c:\\Users\\ARCHANA PATEL\\Desktop\\doc clustering new 5\\dataconnect`: GetFileAttributesEx c:\\Users\\ARCHANA PATEL\\Desktop\\doc clustering new 5\\dataconnect: The system cannot find the file specified.\n"}}
[debug] [2026-04-28T17:12:06.494Z] E0428 22:42:06.493870   25764 watch.go:40] Failed to load config from "c:\\Users\\ARCHANA PATEL\\Desktop\\doc clustering new 5\\dataconnect": could not find dataconnect.yaml in `c:\Users\ARCHANA PATEL\Desktop\doc clustering new 5\dataconnect`
 {"metadata":{"emulator":{"name":"dataconnect"},"message":"E0428 22:42:06.493870   25764 watch.go:40] Failed to load config from \"c:\\\\Users\\\\ARCHANA PATEL\\\\Desktop\\\\doc clustering new 5\\\\dataconnect\": could not find dataconnect.yaml in `c:\\Users\\ARCHANA PATEL\\Desktop\\doc clustering new 5\\dataconnect`\n"}}
[debug] [2026-04-28T17:12:16.491Z] E0428 22:42:16.490481   25764 watch.go:40] Failed to load config from "c:\\Users\\ARCHANA PATEL\\Desktop\\doc clustering new 5\\dataconnect": could not find dataconnect.yaml in `c:\Users\ARCHANA PATEL\Desktop\doc clustering new 5\dataconnect`
 {"metadata":{"emulator":{"name":"dataconnect"},"message":"E0428 22:42:16.490481   25764 watch.go:40] Failed to load config from \"c:\\\\Users\\\\ARCHANA PATEL\\\\Desktop\\\\doc clustering new 5\\\\dataconnect\": could not find dataconnect.yaml in `c:\\Users\\ARCHANA PATEL\\Desktop\\doc clustering new 5\\dataconnect`\n"}}
[debug] [2026-04-28T17:12:26.507Z] E0428 22:42:26.506791   25764 watch.go:40] Failed to load config from "c:\\Users\\ARCHANA PATEL\\Desktop\\doc clustering new 5\\dataconnect": could not find dataconnect.yaml in `c:\Users\ARCHANA PATEL\Desktop\doc clustering new 5\dataconnect`
 {"metadata":{"emulator":{"name":"dataconnect"},"message":"E0428 22:42:26.506791   25764 watch.go:40] Failed to load config from \"c:\\\\Users\\\\ARCHANA PATEL\\\\Desktop\\\\doc clustering new 5\\\\dataconnect\": could not find dataconnect.yaml in `c:\\Users\\ARCHANA PATEL\\Desktop\\doc clustering new 5\\dataconnect`\n"}}
[debug] [2026-04-28T17:12:36.490Z] E0428 22:42:36.489890   25764 watch.go:40] Failed to load config from "c:\\Users\\ARCHANA PATEL\\Desktop\\doc clustering new 5\\dataconnect": could not find dataconnect.yaml in `c:\Users\ARCHANA PATEL\Desktop\doc clustering new 5\dataconnect`
 {"metadata":{"emulator":{"name":"dataconnect"},"message":"E0428 22:42:36.489890   25764 watch.go:40] Failed to load config from \"c:\\\\Users\\\\ARCHANA PATEL\\\\Desktop\\\\doc clustering new 5\\\\dataconnect\": could not find dataconnect.yaml in `c:\\Users\\ARCHANA PATEL\\Desktop\\doc clustering new 5\\dataconnect`\n"}}
[debug] [2026-04-28T17:12:46.488Z] E0428 22:42:46.488534   25764 watch.go:40] Failed to load config from "c:\\Users\\ARCHANA PATEL\\Desktop\\doc clustering new 5\\dataconnect": could not find dataconnect.yaml in `c:\Users\ARCHANA PATEL\Desktop\doc clustering new 5\dataconnect`
 {"metadata":{"emulator":{"name":"dataconnect"},"message":"E0428 22:42:46.488534   25764 watch.go:40] Failed to load config from \"c:\\\\Users\\\\ARCHANA PATEL\\\\Desktop\\\\doc clustering new 5\\\\dataconnect\": could not find dataconnect.yaml in `c:\\Users\\ARCHANA PATEL\\Desktop\\doc clustering new 5\\dataconnect`\n"}}
[debug] [2026-04-28T17:12:56.496Z] E0428 22:42:56.495582   25764 watch.go:116] watchAllDir unable to walk dir `c:\Users\ARCHANA PATEL\Desktop\doc clustering new 5\dataconnect`: GetFileAttributesEx c:\Users\ARCHANA PATEL\Desktop\doc clustering new 5\dataconnect: The system cannot find the file specified.
 {"metadata":{"emulator":{"name":"dataconnect"},"message":"E0428 22:42:56.495582   25764 watch.go:116] watchAllDir unable to walk dir `c:\\Users\\ARCHANA PATEL\\Desktop\\doc clustering new 5\\dataconnect`: GetFileAttributesEx c:\\Users\\ARCHANA PATEL\\Desktop\\doc clustering new 5\\dataconnect: The system cannot find the file specified.\n"}}
[debug] [2026-04-28T17:12:56.501Z] E0428 22:42:56.495582   25764 watch.go:40] Failed to load config from "c:\\Users\\ARCHANA PATEL\\Desktop\\doc clustering new 5\\dataconnect": could not find dataconnect.yaml in `c:\Users\ARCHANA PATEL\Desktop\doc clustering new 5\dataconnect`
 {"metadata":{"emulator":{"name":"dataconnect"},"message":"E0428 22:42:56.495582   25764 watch.go:40] Failed to load config from \"c:\\\\Users\\\\ARCHANA PATEL\\\\Desktop\\\\doc clustering new 5\\\\dataconnect\": could not find dataconnect.yaml in `c:\\Users\\ARCHANA PATEL\\Desktop\\doc clustering new 5\\dataconnect`\n"}}
[debug] [2026-04-28T17:13:06.489Z] E0428 22:43:06.488521   25764 watch.go:40] Failed to load config from "c:\\Users\\ARCHANA PATEL\\Desktop\\doc clustering new 5\\dataconnect": could not find dataconnect.yaml in `c:\Users\ARCHANA PATEL\Desktop\doc clustering new 5\dataconnect`
 {"metadata":{"emulator":{"name":"dataconnect"},"message":"E0428 22:43:06.488521   25764 watch.go:40] Failed to load config from \"c:\\\\Users\\\\ARCHANA PATEL\\\\Desktop\\\\doc clustering new 5\\\\dataconnect\": could not find dataconnect.yaml in `c:\\Users\\ARCHANA PATEL\\Desktop\\doc clustering new 5\\dataconnect`\n"}}
[debug] [2026-04-28T17:13:16.487Z] E0428 22:43:16.488380   25764 watch.go:40] Failed to load config from "c:\\Users\\ARCHANA PATEL\\Desktop\\doc clustering new 5\\dataconnect": could not find dataconnect.yaml in `c:\Users\ARCHANA PATEL\Desktop\doc clustering new 5\dataconnect`
 {"metadata":{"emulator":{"name":"dataconnect"},"message":"E0428 22:43:16.488380   25764 watch.go:40] Failed to load config from \"c:\\\\Users\\\\ARCHANA PATEL\\\\Desktop\\\\doc clustering new 5\\\\dataconnect\": could not find dataconnect.yaml in `c:\\Users\\ARCHANA PATEL\\Desktop\\doc clustering new 5\\dataconnect`\n"}}
[debug] [2026-04-28T17:13:26.492Z] E0428 22:43:26.490987   25764 watch.go:40] Failed to load config from "c:\\Users\\ARCHANA PATEL\\Desktop\\doc clustering new 5\\dataconnect": could not find dataconnect.yaml in `c:\Users\ARCHANA PATEL\Desktop\doc clustering new 5\dataconnect`
 {"metadata":{"emulator":{"name":"dataconnect"},"message":"E0428 22:43:26.490987   25764 watch.go:40] Failed to load config from \"c:\\\\Users\\\\ARCHANA PATEL\\\\Desktop\\\\doc clustering new 5\\\\dataconnect\": could not find dataconnect.yaml in `c:\\Users\\ARCHANA PATEL\\Desktop\\doc clustering new 5\\dataconnect`\n"}}
[debug] [2026-04-28T17:13:36.490Z] E0428 22:43:36.489684   25764 watch.go:40] Failed to load config from "c:\\Users\\ARCHANA PATEL\\Desktop\\doc clustering new 5\\dataconnect": could not find dataconnect.yaml in `c:\Users\ARCHANA PATEL\Desktop\doc clustering new 5\dataconnect`
 {"metadata":{"emulator":{"name":"dataconnect"},"message":"E0428 22:43:36.489684   25764 watch.go:40] Failed to load config from \"c:\\\\Users\\\\ARCHANA PATEL\\\\Desktop\\\\doc clustering new 5\\\\dataconnect\": could not find dataconnect.yaml in `c:\\Users\\ARCHANA PATEL\\Desktop\\doc clustering new 5\\dataconnect`\n"}}
[debug] [2026-04-28T17:13:46.494Z] E0428 22:43:46.487653   25764 watch.go:40] Failed to load config from "c:\\Users\\ARCHANA PATEL\\Desktop\\doc clustering new 5\\dataconnect": could not find dataconnect.yaml in `c:\Users\ARCHANA PATEL\Desktop\doc clustering new 5\dataconnect`
 {"metadata":{"emulator":{"name":"dataconnect"},"message":"E0428 22:43:46.487653   25764 watch.go:40] Failed to load config from \"c:\\\\Users\\\\ARCHANA PATEL\\\\Desktop\\\\doc clustering new 5\\\\dataconnect\": could not find dataconnect.yaml in `c:\\Users\\ARCHANA PATEL\\Desktop\\doc clustering new 5\\dataconnect`\n"}}
[debug] [2026-04-28T17:13:56.488Z] E0428 22:43:56.487778   25764 watch.go:116] watchAllDir unable to walk dir `c:\Users\ARCHANA PATEL\Desktop\doc clustering new 5\dataconnect`: GetFileAttributesEx c:\Users\ARCHANA PATEL\Desktop\doc clustering new 5\dataconnect: The system cannot find the file specified.
 {"metadata":{"emulator":{"name":"dataconnect"},"message":"E0428 22:43:56.487778   25764 watch.go:116] watchAllDir unable to walk dir `c:\\Users\\ARCHANA PATEL\\Desktop\\doc clustering new 5\\dataconnect`: GetFileAttributesEx c:\\Users\\ARCHANA PATEL\\Desktop\\doc clustering new 5\\dataconnect: The system cannot find the file specified.\n"}}
[debug] [2026-04-28T17:13:56.489Z] E0428 22:43:56.487778   25764 watch.go:40] Failed to load config from "c:\\Users\\ARCHANA PATEL\\Desktop\\doc clustering new 5\\dataconnect": could not find dataconnect.yaml in `c:\Users\ARCHANA PATEL\Desktop\doc clustering new 5\dataconnect`
 {"metadata":{"emulator":{"name":"dataconnect"},"message":"E0428 22:43:56.487778   25764 watch.go:40] Failed to load config from \"c:\\\\Users\\\\ARCHANA PATEL\\\\Desktop\\\\doc clustering new 5\\\\dataconnect\": could not find dataconnect.yaml in `c:\\Users\\ARCHANA PATEL\\Desktop\\doc clustering new 5\\dataconnect`\n"}}
[debug] [2026-04-28T17:14:06.489Z] E0428 22:44:06.488930   25764 watch.go:40] Failed to load config from "c:\\Users\\ARCHANA PATEL\\Desktop\\doc clustering new 5\\dataconnect": could not find dataconnect.yaml in `c:\Users\ARCHANA PATEL\Desktop\doc clustering new 5\dataconnect`
 {"metadata":{"emulator":{"name":"dataconnect"},"message":"E0428 22:44:06.488930   25764 watch.go:40] Failed to load config from \"c:\\\\Users\\\\ARCHANA PATEL\\\\Desktop\\\\doc clustering new 5\\\\dataconnect\": could not find dataconnect.yaml in `c:\\Users\\ARCHANA PATEL\\Desktop\\doc clustering new 5\\dataconnect`\n"}}
[debug] [2026-04-28T17:14:16.489Z] E0428 22:44:16.488669   25764 watch.go:40] Failed to load config from "c:\\Users\\ARCHANA PATEL\\Desktop\\doc clustering new 5\\dataconnect": could not find dataconnect.yaml in `c:\Users\ARCHANA PATEL\Desktop\doc clustering new 5\dataconnect`
 {"metadata":{"emulator":{"name":"dataconnect"},"message":"E0428 22:44:16.488669   25764 watch.go:40] Failed to load config from \"c:\\\\Users\\\\ARCHANA PATEL\\\\Desktop\\\\doc clustering new 5\\\\dataconnect\": could not find dataconnect.yaml in `c:\\Users\\ARCHANA PATEL\\Desktop\\doc clustering new 5\\dataconnect`\n"}}
[debug] [2026-04-28T17:14:26.490Z] E0428 22:44:26.489871   25764 watch.go:40] Failed to load config from "c:\\Users\\ARCHANA PATEL\\Desktop\\doc clustering new 5\\dataconnect": could not find dataconnect.yaml in `c:\Users\ARCHANA PATEL\Desktop\doc clustering new 5\dataconnect`
 {"metadata":{"emulator":{"name":"dataconnect"},"message":"E0428 22:44:26.489871   25764 watch.go:40] Failed to load config from \"c:\\\\Users\\\\ARCHANA PATEL\\\\Desktop\\\\doc clustering new 5\\\\dataconnect\": could not find dataconnect.yaml in `c:\\Users\\ARCHANA PATEL\\Desktop\\doc clustering new 5\\dataconnect`\n"}}
[debug] [2026-04-28T17:14:36.489Z] E0428 22:44:36.488919   25764 watch.go:40] Failed to load config from "c:\\Users\\ARCHANA PATEL\\Desktop\\doc clustering new 5\\dataconnect": could not find dataconnect.yaml in `c:\Users\ARCHANA PATEL\Desktop\doc clustering new 5\dataconnect`
 {"metadata":{"emulator":{"name":"dataconnect"},"message":"E0428 22:44:36.488919   25764 watch.go:40] Failed to load config from \"c:\\\\Users\\\\ARCHANA PATEL\\\\Desktop\\\\doc clustering new 5\\\\dataconnect\": could not find dataconnect.yaml in `c:\\Users\\ARCHANA PATEL\\Desktop\\doc clustering new 5\\dataconnect`\n"}}
[debug] [2026-04-28T17:14:46.488Z] E0428 22:44:46.488235   25764 watch.go:40] Failed to load config from "c:\\Users\\ARCHANA PATEL\\Desktop\\doc clustering new 5\\dataconnect": could not find dataconnect.yaml in `c:\Users\ARCHANA PATEL\Desktop\doc clustering new 5\dataconnect`
 {"metadata":{"emulator":{"name":"dataconnect"},"message":"E0428 22:44:46.488235   25764 watch.go:40] Failed to load config from \"c:\\\\Users\\\\ARCHANA PATEL\\\\Desktop\\\\doc clustering new 5\\\\dataconnect\": could not find dataconnect.yaml in `c:\\Users\\ARCHANA PATEL\\Desktop\\doc clustering new 5\\dataconnect`\n"}}
[debug] [2026-04-28T17:14:56.489Z] E0428 22:44:56.489456   25764 watch.go:40] Failed to load config from "c:\\Users\\ARCHANA PATEL\\Desktop\\doc clustering new 5\\dataconnect": could not find dataconnect.yaml in `c:\Users\ARCHANA PATEL\Desktop\doc clustering new 5\dataconnect`
 {"metadata":{"emulator":{"name":"dataconnect"},"message":"E0428 22:44:56.489456   25764 watch.go:40] Failed to load config from \"c:\\\\Users\\\\ARCHANA PATEL\\\\Desktop\\\\doc clustering new 5\\\\dataconnect\": could not find dataconnect.yaml in `c:\\Users\\ARCHANA PATEL\\Desktop\\doc clustering new 5\\dataconnect`\n"}}
[debug] [2026-04-28T17:14:56.491Z] E0428 22:44:56.488906   25764 watch.go:116] watchAllDir unable to walk dir `c:\Users\ARCHANA PATEL\Desktop\doc clustering new 5\dataconnect`: GetFileAttributesEx c:\Users\ARCHANA PATEL\Desktop\doc clustering new 5\dataconnect: The system cannot find the file specified.
 {"metadata":{"emulator":{"name":"dataconnect"},"message":"E0428 22:44:56.488906   25764 watch.go:116] watchAllDir unable to walk dir `c:\\Users\\ARCHANA PATEL\\Desktop\\doc clustering new 5\\dataconnect`: GetFileAttributesEx c:\\Users\\ARCHANA PATEL\\Desktop\\doc clustering new 5\\dataconnect: The system cannot find the file specified.\n"}}
[debug] [2026-04-28T17:15:06.488Z] E0428 22:45:06.488504   25764 watch.go:40] Failed to load config from "c:\\Users\\ARCHANA PATEL\\Desktop\\doc clustering new 5\\dataconnect": could not find dataconnect.yaml in `c:\Users\ARCHANA PATEL\Desktop\doc clustering new 5\dataconnect`
 {"metadata":{"emulator":{"name":"dataconnect"},"message":"E0428 22:45:06.488504   25764 watch.go:40] Failed to load config from \"c:\\\\Users\\\\ARCHANA PATEL\\\\Desktop\\\\doc clustering new 5\\\\dataconnect\": could not find dataconnect.yaml in `c:\\Users\\ARCHANA PATEL\\Desktop\\doc clustering new 5\\dataconnect`\n"}}
[debug] [2026-04-28T17:15:16.490Z] E0428 22:45:16.490610   25764 watch.go:40] Failed to load config from "c:\\Users\\ARCHANA PATEL\\Desktop\\doc clustering new 5\\dataconnect": could not find dataconnect.yaml in `c:\Users\ARCHANA PATEL\Desktop\doc clustering new 5\dataconnect`
 {"metadata":{"emulator":{"name":"dataconnect"},"message":"E0428 22:45:16.490610   25764 watch.go:40] Failed to load config from \"c:\\\\Users\\\\ARCHANA PATEL\\\\Desktop\\\\doc clustering new 5\\\\dataconnect\": could not find dataconnect.yaml in `c:\\Users\\ARCHANA PATEL\\Desktop\\doc clustering new 5\\dataconnect`\n"}}
[debug] [2026-04-28T17:15:26.488Z] E0428 22:45:26.488637   25764 watch.go:40] Failed to load config from "c:\\Users\\ARCHANA PATEL\\Desktop\\doc clustering new 5\\dataconnect": could not find dataconnect.yaml in `c:\Users\ARCHANA PATEL\Desktop\doc clustering new 5\dataconnect`
 {"metadata":{"emulator":{"name":"dataconnect"},"message":"E0428 22:45:26.488637   25764 watch.go:40] Failed to load config from \"c:\\\\Users\\\\ARCHANA PATEL\\\\Desktop\\\\doc clustering new 5\\\\dataconnect\": could not find dataconnect.yaml in `c:\\Users\\ARCHANA PATEL\\Desktop\\doc clustering new 5\\dataconnect`\n"}}
[debug] [2026-04-28T17:15:36.493Z] E0428 22:45:36.493023   25764 watch.go:40] Failed to load config from "c:\\Users\\ARCHANA PATEL\\Desktop\\doc clustering new 5\\dataconnect": could not find dataconnect.yaml in `c:\Users\ARCHANA PATEL\Desktop\doc clustering new 5\dataconnect`
 {"metadata":{"emulator":{"name":"dataconnect"},"message":"E0428 22:45:36.493023   25764 watch.go:40] Failed to load config from \"c:\\\\Users\\\\ARCHANA PATEL\\\\Desktop\\\\doc clustering new 5\\\\dataconnect\": could not find dataconnect.yaml in `c:\\Users\\ARCHANA PATEL\\Desktop\\doc clustering new 5\\dataconnect`\n"}}
[debug] [2026-04-28T17:15:46.489Z] E0428 22:45:46.488323   25764 watch.go:40] Failed to load config from "c:\\Users\\ARCHANA PATEL\\Desktop\\doc clustering new 5\\dataconnect": could not find dataconnect.yaml in `c:\Users\ARCHANA PATEL\Desktop\doc clustering new 5\dataconnect`
 {"metadata":{"emulator":{"name":"dataconnect"},"message":"E0428 22:45:46.488323   25764 watch.go:40] Failed to load config from \"c:\\\\Users\\\\ARCHANA PATEL\\\\Desktop\\\\doc clustering new 5\\\\dataconnect\": could not find dataconnect.yaml in `c:\\Users\\ARCHANA PATEL\\Desktop\\doc clustering new 5\\dataconnect`\n"}}
[debug] [2026-04-28T17:15:56.490Z] E0428 22:45:56.489083   25764 watch.go:116] watchAllDir unable to walk dir `c:\Users\ARCHANA PATEL\Desktop\doc clustering new 5\dataconnect`: GetFileAttributesEx c:\Users\ARCHANA PATEL\Desktop\doc clustering new 5\dataconnect: The system cannot find the file specified.
E0428 22:45:56.489083   25764 watch.go:40] Failed to load config from "c:\\Users\\ARCHANA PATEL\\Desktop\\doc clustering new 5\\dataconnect": could not find dataconnect.yaml in `c:\Users\ARCHANA PATEL\Desktop\doc clustering new 5\dataconnect`
 {"metadata":{"emulator":{"name":"dataconnect"},"message":"E0428 22:45:56.489083   25764 watch.go:116] watchAllDir unable to walk dir `c:\\Users\\ARCHANA PATEL\\Desktop\\doc clustering new 5\\dataconnect`: GetFileAttributesEx c:\\Users\\ARCHANA PATEL\\Desktop\\doc clustering new 5\\dataconnect: The system cannot find the file specified.\nE0428 22:45:56.489083   25764 watch.go:40] Failed to load config from \"c:\\\\Users\\\\ARCHANA PATEL\\\\Desktop\\\\doc clustering new 5\\\\dataconnect\": could not find dataconnect.yaml in `c:\\Users\\ARCHANA PATEL\\Desktop\\doc clustering new 5\\dataconnect`\n"}}
[debug] [2026-04-28T17:16:06.489Z] E0428 22:46:06.488517   25764 watch.go:40] Failed to load config from "c:\\Users\\ARCHANA PATEL\\Desktop\\doc clustering new 5\\dataconnect": could not find dataconnect.yaml in `c:\Users\ARCHANA PATEL\Desktop\doc clustering new 5\dataconnect`
 {"metadata":{"emulator":{"name":"dataconnect"},"message":"E0428 22:46:06.488517   25764 watch.go:40] Failed to load config from \"c:\\\\Users\\\\ARCHANA PATEL\\\\Desktop\\\\doc clustering new 5\\\\dataconnect\": could not find dataconnect.yaml in `c:\\Users\\ARCHANA PATEL\\Desktop\\doc clustering new 5\\dataconnect`\n"}}
[debug] [2026-04-28T17:16:16.490Z] E0428 22:46:16.489027   25764 watch.go:40] Failed to load config from "c:\\Users\\ARCHANA PATEL\\Desktop\\doc clustering new 5\\dataconnect": could not find dataconnect.yaml in `c:\Users\ARCHANA PATEL\Desktop\doc clustering new 5\dataconnect`
 {"metadata":{"emulator":{"name":"dataconnect"},"message":"E0428 22:46:16.489027   25764 watch.go:40] Failed to load config from \"c:\\\\Users\\\\ARCHANA PATEL\\\\Desktop\\\\doc clustering new 5\\\\dataconnect\": could not find dataconnect.yaml in `c:\\Users\\ARCHANA PATEL\\Desktop\\doc clustering new 5\\dataconnect`\n"}}
[debug] [2026-04-28T17:16:26.491Z] E0428 22:46:26.490333   25764 watch.go:40] Failed to load config from "c:\\Users\\ARCHANA PATEL\\Desktop\\doc clustering new 5\\dataconnect": could not find dataconnect.yaml in `c:\Users\ARCHANA PATEL\Desktop\doc clustering new 5\dataconnect`
 {"metadata":{"emulator":{"name":"dataconnect"},"message":"E0428 22:46:26.490333   25764 watch.go:40] Failed to load config from \"c:\\\\Users\\\\ARCHANA PATEL\\\\Desktop\\\\doc clustering new 5\\\\dataconnect\": could not find dataconnect.yaml in `c:\\Users\\ARCHANA PATEL\\Desktop\\doc clustering new 5\\dataconnect`\n"}}
[debug] [2026-04-28T17:16:36.490Z] E0428 22:46:36.489269   25764 watch.go:40] Failed to load config from "c:\\Users\\ARCHANA PATEL\\Desktop\\doc clustering new 5\\dataconnect": could not find dataconnect.yaml in `c:\Users\ARCHANA PATEL\Desktop\doc clustering new 5\dataconnect`
 {"metadata":{"emulator":{"name":"dataconnect"},"message":"E0428 22:46:36.489269   25764 watch.go:40] Failed to load config from \"c:\\\\Users\\\\ARCHANA PATEL\\\\Desktop\\\\doc clustering new 5\\\\dataconnect\": could not find dataconnect.yaml in `c:\\Users\\ARCHANA PATEL\\Desktop\\doc clustering new 5\\dataconnect`\n"}}
[debug] [2026-04-28T17:16:46.490Z] E0428 22:46:46.489748   25764 watch.go:40] Failed to load config from "c:\\Users\\ARCHANA PATEL\\Desktop\\doc clustering new 5\\dataconnect": could not find dataconnect.yaml in `c:\Users\ARCHANA PATEL\Desktop\doc clustering new 5\dataconnect`
 {"metadata":{"emulator":{"name":"dataconnect"},"message":"E0428 22:46:46.489748   25764 watch.go:40] Failed to load config from \"c:\\\\Users\\\\ARCHANA PATEL\\\\Desktop\\\\doc clustering new 5\\\\dataconnect\": could not find dataconnect.yaml in `c:\\Users\\ARCHANA PATEL\\Desktop\\doc clustering new 5\\dataconnect`\n"}}
[debug] [2026-04-28T17:16:56.626Z] E0428 22:46:56.488043   25764 watch.go:116] watchAllDir unable to walk dir `c:\Users\ARCHANA PATEL\Desktop\doc clustering new 5\dataconnect`: GetFileAttributesEx c:\Users\ARCHANA PATEL\Desktop\doc clustering new 5\dataconnect: The system cannot find the file specified.
E0428 22:46:56.489428   25764 watch.go:40] Failed to load config from "c:\\Users\\ARCHANA PATEL\\Desktop\\doc clustering new 5\\dataconnect": could not find dataconnect.yaml in `c:\Users\ARCHANA PATEL\Desktop\doc clustering new 5\dataconnect`
 {"metadata":{"emulator":{"name":"dataconnect"},"message":"E0428 22:46:56.488043   25764 watch.go:116] watchAllDir unable to walk dir `c:\\Users\\ARCHANA PATEL\\Desktop\\doc clustering new 5\\dataconnect`: GetFileAttributesEx c:\\Users\\ARCHANA PATEL\\Desktop\\doc clustering new 5\\dataconnect: The system cannot find the file specified.\nE0428 22:46:56.489428   25764 watch.go:40] Failed to load config from \"c:\\\\Users\\\\ARCHANA PATEL\\\\Desktop\\\\doc clustering new 5\\\\dataconnect\": could not find dataconnect.yaml in `c:\\Users\\ARCHANA PATEL\\Desktop\\doc clustering new 5\\dataconnect`\n"}}
[debug] [2026-04-28T17:17:06.490Z] E0428 22:47:06.489420   25764 watch.go:40] Failed to load config from "c:\\Users\\ARCHANA PATEL\\Desktop\\doc clustering new 5\\dataconnect": could not find dataconnect.yaml in `c:\Users\ARCHANA PATEL\Desktop\doc clustering new 5\dataconnect`
 {"metadata":{"emulator":{"name":"dataconnect"},"message":"E0428 22:47:06.489420   25764 watch.go:40] Failed to load config from \"c:\\\\Users\\\\ARCHANA PATEL\\\\Desktop\\\\doc clustering new 5\\\\dataconnect\": could not find dataconnect.yaml in `c:\\Users\\ARCHANA PATEL\\Desktop\\doc clustering new 5\\dataconnect`\n"}}
[debug] [2026-04-28T17:17:16.489Z] E0428 22:47:16.488629   25764 watch.go:40] Failed to load config from "c:\\Users\\ARCHANA PATEL\\Desktop\\doc clustering new 5\\dataconnect": could not find dataconnect.yaml in `c:\Users\ARCHANA PATEL\Desktop\doc clustering new 5\dataconnect`
 {"metadata":{"emulator":{"name":"dataconnect"},"message":"E0428 22:47:16.488629   25764 watch.go:40] Failed to load config from \"c:\\\\Users\\\\ARCHANA PATEL\\\\Desktop\\\\doc clustering new 5\\\\dataconnect\": could not find dataconnect.yaml in `c:\\Users\\ARCHANA PATEL\\Desktop\\doc clustering new 5\\dataconnect`\n"}}
[debug] [2026-04-28T17:17:26.489Z] E0428 22:47:26.488422   25764 watch.go:40] Failed to load config from "c:\\Users\\ARCHANA PATEL\\Desktop\\doc clustering new 5\\dataconnect": could not find dataconnect.yaml in `c:\Users\ARCHANA PATEL\Desktop\doc clustering new 5\dataconnect`
 {"metadata":{"emulator":{"name":"dataconnect"},"message":"E0428 22:47:26.488422   25764 watch.go:40] Failed to load config from \"c:\\\\Users\\\\ARCHANA PATEL\\\\Desktop\\\\doc clustering new 5\\\\dataconnect\": could not find dataconnect.yaml in `c:\\Users\\ARCHANA PATEL\\Desktop\\doc clustering new 5\\dataconnect`\n"}}
[debug] [2026-04-28T17:17:36.494Z] E0428 22:47:36.491805   25764 watch.go:40] Failed to load config from "c:\\Users\\ARCHANA PATEL\\Desktop\\doc clustering new 5\\dataconnect": could not find dataconnect.yaml in `c:\Users\ARCHANA PATEL\Desktop\doc clustering new 5\dataconnect`
 {"metadata":{"emulator":{"name":"dataconnect"},"message":"E0428 22:47:36.491805   25764 watch.go:40] Failed to load config from \"c:\\\\Users\\\\ARCHANA PATEL\\\\Desktop\\\\doc clustering new 5\\\\dataconnect\": could not find dataconnect.yaml in `c:\\Users\\ARCHANA PATEL\\Desktop\\doc clustering new 5\\dataconnect`\n"}}
[debug] [2026-04-28T17:17:46.491Z] E0428 22:47:46.490602   25764 watch.go:40] Failed to load config from "c:\\Users\\ARCHANA PATEL\\Desktop\\doc clustering new 5\\dataconnect": could not find dataconnect.yaml in `c:\Users\ARCHANA PATEL\Desktop\doc clustering new 5\dataconnect`
 {"metadata":{"emulator":{"name":"dataconnect"},"message":"E0428 22:47:46.490602   25764 watch.go:40] Failed to load config from \"c:\\\\Users\\\\ARCHANA PATEL\\\\Desktop\\\\doc clustering new 5\\\\dataconnect\": could not find dataconnect.yaml in `c:\\Users\\ARCHANA PATEL\\Desktop\\doc clustering new 5\\dataconnect`\n"}}
[debug] [2026-04-28T17:17:56.498Z] E0428 22:47:56.497940   25764 watch.go:40] Failed to load config from "c:\\Users\\ARCHANA PATEL\\Desktop\\doc clustering new 5\\dataconnect": could not find dataconnect.yaml in `c:\Users\ARCHANA PATEL\Desktop\doc clustering new 5\dataconnect`
E0428 22:47:56.488566   25764 watch.go:116] watchAllDir unable to walk dir `c:\Users\ARCHANA PATEL\Desktop\doc clustering new 5\dataconnect`: GetFileAttributesEx c:\Users\ARCHANA PATEL\Desktop\doc clustering new 5\dataconnect: The system cannot find the file specified.
 {"metadata":{"emulator":{"name":"dataconnect"},"message":"E0428 22:47:56.497940   25764 watch.go:40] Failed to load config from \"c:\\\\Users\\\\ARCHANA PATEL\\\\Desktop\\\\doc clustering new 5\\\\dataconnect\": could not find dataconnect.yaml in `c:\\Users\\ARCHANA PATEL\\Desktop\\doc clustering new 5\\dataconnect`\nE0428 22:47:56.488566   25764 watch.go:116] watchAllDir unable to walk dir `c:\\Users\\ARCHANA PATEL\\Desktop\\doc clustering new 5\\dataconnect`: GetFileAttributesEx c:\\Users\\ARCHANA PATEL\\Desktop\\doc clustering new 5\\dataconnect: The system cannot find the file specified.\n"}}
[debug] [2026-04-28T17:18:06.488Z] E0428 22:48:06.487553   25764 watch.go:40] Failed to load config from "c:\\Users\\ARCHANA PATEL\\Desktop\\doc clustering new 5\\dataconnect": could not find dataconnect.yaml in `c:\Users\ARCHANA PATEL\Desktop\doc clustering new 5\dataconnect`
 {"metadata":{"emulator":{"name":"dataconnect"},"message":"E0428 22:48:06.487553   25764 watch.go:40] Failed to load config from \"c:\\\\Users\\\\ARCHANA PATEL\\\\Desktop\\\\doc clustering new 5\\\\dataconnect\": could not find dataconnect.yaml in `c:\\Users\\ARCHANA PATEL\\Desktop\\doc clustering new 5\\dataconnect`\n"}}
[info] [Firebase Plugin] Stopping SQL Connect toolkit
[warn] !  SQL Connect Emulator has exited upon receiving signal: SIGINT 
[debug] [2026-04-28T17:45:46.536Z] [Firebase Plugin] Activating Firebase extension.
[debug] [2026-04-28T17:45:51.830Z] [Firebase Plugin] requireAuthWrapper
[debug] [2026-04-28T17:45:51.832Z] > command requires scopes: ["email","openid","https://www.googleapis.com/auth/cloudplatformprojects.readonly","https://www.googleapis.com/auth/firebase","https://www.googleapis.com/auth/cloud-platform"]
[debug] [2026-04-28T17:45:51.833Z] > authorizing via signed-in user (rudra.patel12.10.2006@gmail.com)
[debug] [2026-04-28T17:45:51.836Z] Checked if tokens are valid: true, expires at: 1777399638125
[debug] [2026-04-28T17:45:51.837Z] Checked if tokens are valid: true, expires at: 1777399638125
[debug] [2026-04-28T17:45:51.837Z] [Firebase Plugin] User found:  rudra.patel12.10.2006@gmail.com
[info] [Firebase Plugin] (Core:Project) New user detected, fetching projects
[debug] [2026-04-28T17:45:51.839Z] Checked if tokens are valid: true, expires at: 1777399638125
[debug] [2026-04-28T17:45:51.841Z] >>> [apiv2][query] GET https://firebase.googleapis.com/v1beta1/projects pageSize=1000
[debug] [2026-04-28T17:45:51.854Z] [Firebase Plugin] VSCode notification server listening on port 40001
[info] [Firebase Plugin] Starting SQL Connect toolkit (version 3.4.5) on port 50001
[debug] [2026-04-28T17:45:52.787Z] 'fdc build' failed with error: Unable to build your SQL Connect schema and connectors (exit code 1): E0428 23:15:52.763892   62532 cmd.go:43] Error loading data connect config: could not find dataconnect.yaml in `c:\Users\ARCHANA PATEL\Desktop\doc clustering new 5\dataconnect`
 {"metadata":{"emulator":{"name":"dataconnect"},"message":"'fdc build' failed with error: Unable to build your SQL Connect schema and connectors (exit code 1): E0428 23:15:52.763892   62532 cmd.go:43] Error loading data connect config: could not find dataconnect.yaml in `c:\\Users\\ARCHANA PATEL\\Desktop\\doc clustering new 5\\dataconnect`\n"}}
[debug] [2026-04-28T17:45:52.788Z] Ignoring unsupported arg: auto_download {"metadata":{"emulator":{"name":"dataconnect"},"message":"Ignoring unsupported arg: auto_download"}}
[debug] [2026-04-28T17:45:52.788Z] Ignoring unsupported arg: port {"metadata":{"emulator":{"name":"dataconnect"},"message":"Ignoring unsupported arg: port"}}
[debug] [2026-04-28T17:45:52.789Z] Starting SQL Connect Emulator with command {"binary":"C:\\Users\\ARCHANA PATEL\\.cache\\firebase\\emulators\\dataconnect-emulator-3.4.5.exe","args":["--logtostderr","-v=2","dev","--listen=localhost:50001","--config_dir=c:\\Users\\ARCHANA PATEL\\Desktop\\doc clustering new 5\\dataconnect","--enable_output_schema_extensions=true","--enable_output_generated_sdk=true"],"optionalArgs":["listen","config_dir","enable_output_schema_extensions","enable_output_generated_sdk"],"joinArgs":true,"shell":false,"port":9399} {"metadata":{"emulator":{"name":"dataconnect"},"message":"Starting SQL Connect Emulator with command {\"binary\":\"C:\\\\Users\\\\ARCHANA PATEL\\\\.cache\\\\firebase\\\\emulators\\\\dataconnect-emulator-3.4.5.exe\",\"args\":[\"--logtostderr\",\"-v=2\",\"dev\",\"--listen=localhost:50001\",\"--config_dir=c:\\\\Users\\\\ARCHANA PATEL\\\\Desktop\\\\doc clustering new 5\\\\dataconnect\",\"--enable_output_schema_extensions=true\",\"--enable_output_generated_sdk=true\"],\"optionalArgs\":[\"listen\",\"config_dir\",\"enable_output_schema_extensions\",\"enable_output_generated_sdk\"],\"joinArgs\":true,\"shell\":false,\"port\":9399}"}}
[info] i  dataconnect: SQL Connect Emulator logging to dataconnect-debug.log {"metadata":{"emulator":{"name":"dataconnect"},"message":"SQL Connect Emulator logging to \u001b[1mdataconnect-debug.log\u001b[22m"}}
[debug] [2026-04-28T17:45:52.909Z] E0428 23:15:52.907330   74724 dev.go:83] Failed to load initial config from "c:\\Users\\ARCHANA PATEL\\Desktop\\doc clustering new 5\\dataconnect": could not find dataconnect.yaml in `c:\Users\ARCHANA PATEL\Desktop\doc clustering new 5\dataconnect`
 {"metadata":{"emulator":{"name":"dataconnect"},"message":"E0428 23:15:52.907330   74724 dev.go:83] Failed to load initial config from \"c:\\\\Users\\\\ARCHANA PATEL\\\\Desktop\\\\doc clustering new 5\\\\dataconnect\": could not find dataconnect.yaml in `c:\\Users\\ARCHANA PATEL\\Desktop\\doc clustering new 5\\dataconnect`\n"}}
[debug] [2026-04-28T17:45:52.914Z] E0428 23:15:52.910545   74724 watch.go:116] watchAllDir unable to walk dir `c:\Users\ARCHANA PATEL\Desktop\doc clustering new 5\dataconnect`: GetFileAttributesEx c:\Users\ARCHANA PATEL\Desktop\doc clustering new 5\dataconnect: The system cannot find the file specified.
 {"metadata":{"emulator":{"name":"dataconnect"},"message":"E0428 23:15:52.910545   74724 watch.go:116] watchAllDir unable to walk dir `c:\\Users\\ARCHANA PATEL\\Desktop\\doc clustering new 5\\dataconnect`: GetFileAttributesEx c:\\Users\\ARCHANA PATEL\\Desktop\\doc clustering new 5\\dataconnect: The system cannot find the file specified.\n"}}
[debug] [2026-04-28T17:45:52.927Z] I0428 23:15:52.926978   74724 dev.go:104] Listening on address (HTTP + gRPC): 127.0.0.1:50001
 {"metadata":{"emulator":{"name":"dataconnect"},"message":"I0428 23:15:52.926978   74724 dev.go:104] Listening on address (HTTP + gRPC): 127.0.0.1:50001\n"}}
[debug] [2026-04-28T17:45:53.099Z] <<< [apiv2][status] GET https://firebase.googleapis.com/v1beta1/projects 200
[debug] [2026-04-28T17:45:53.099Z] <<< [apiv2][body] GET https://firebase.googleapis.com/v1beta1/projects [omitted]
[error] [Firebase Plugin] error:  {}
[debug] [2026-04-28T17:46:02.915Z] E0428 23:16:02.914067   74724 watch.go:40] Failed to load config from "c:\\Users\\ARCHANA PATEL\\Desktop\\doc clustering new 5\\dataconnect": could not find dataconnect.yaml in `c:\Users\ARCHANA PATEL\Desktop\doc clustering new 5\dataconnect`
 {"metadata":{"emulator":{"name":"dataconnect"},"message":"E0428 23:16:02.914067   74724 watch.go:40] Failed to load config from \"c:\\\\Users\\\\ARCHANA PATEL\\\\Desktop\\\\doc clustering new 5\\\\dataconnect\": could not find dataconnect.yaml in `c:\\Users\\ARCHANA PATEL\\Desktop\\doc clustering new 5\\dataconnect`\n"}}
[debug] [2026-04-28T17:46:12.914Z] E0428 23:16:12.914474   74724 watch.go:40] Failed to load config from "c:\\Users\\ARCHANA PATEL\\Desktop\\doc clustering new 5\\dataconnect": could not find dataconnect.yaml in `c:\Users\ARCHANA PATEL\Desktop\doc clustering new 5\dataconnect`
 {"metadata":{"emulator":{"name":"dataconnect"},"message":"E0428 23:16:12.914474   74724 watch.go:40] Failed to load config from \"c:\\\\Users\\\\ARCHANA PATEL\\\\Desktop\\\\doc clustering new 5\\\\dataconnect\": could not find dataconnect.yaml in `c:\\Users\\ARCHANA PATEL\\Desktop\\doc clustering new 5\\dataconnect`\n"}}
[debug] [2026-04-28T17:46:22.916Z] E0428 23:16:22.915768   74724 watch.go:40] Failed to load config from "c:\\Users\\ARCHANA PATEL\\Desktop\\doc clustering new 5\\dataconnect": could not find dataconnect.yaml in `c:\Users\ARCHANA PATEL\Desktop\doc clustering new 5\dataconnect`
 {"metadata":{"emulator":{"name":"dataconnect"},"message":"E0428 23:16:22.915768   74724 watch.go:40] Failed to load config from \"c:\\\\Users\\\\ARCHANA PATEL\\\\Desktop\\\\doc clustering new 5\\\\dataconnect\": could not find dataconnect.yaml in `c:\\Users\\ARCHANA PATEL\\Desktop\\doc clustering new 5\\dataconnect`\n"}}
[debug] [2026-04-28T17:46:32.914Z] E0428 23:16:32.914159   74724 watch.go:40] Failed to load config from "c:\\Users\\ARCHANA PATEL\\Desktop\\doc clustering new 5\\dataconnect": could not find dataconnect.yaml in `c:\Users\ARCHANA PATEL\Desktop\doc clustering new 5\dataconnect`
 {"metadata":{"emulator":{"name":"dataconnect"},"message":"E0428 23:16:32.914159   74724 watch.go:40] Failed to load config from \"c:\\\\Users\\\\ARCHANA PATEL\\\\Desktop\\\\doc clustering new 5\\\\dataconnect\": could not find dataconnect.yaml in `c:\\Users\\ARCHANA PATEL\\Desktop\\doc clustering new 5\\dataconnect`\n"}}
[debug] [2026-04-28T17:46:42.914Z] E0428 23:16:42.914432   74724 watch.go:40] Failed to load config from "c:\\Users\\ARCHANA PATEL\\Desktop\\doc clustering new 5\\dataconnect": could not find dataconnect.yaml in `c:\Users\ARCHANA PATEL\Desktop\doc clustering new 5\dataconnect`
 {"metadata":{"emulator":{"name":"dataconnect"},"message":"E0428 23:16:42.914432   74724 watch.go:40] Failed to load config from \"c:\\\\Users\\\\ARCHANA PATEL\\\\Desktop\\\\doc clustering new 5\\\\dataconnect\": could not find dataconnect.yaml in `c:\\Users\\ARCHANA PATEL\\Desktop\\doc clustering new 5\\dataconnect`\n"}}
[debug] [2026-04-28T17:46:52.914Z] E0428 23:16:52.914463   74724 watch.go:116] watchAllDir unable to walk dir `c:\Users\ARCHANA PATEL\Desktop\doc clustering new 5\dataconnect`: GetFileAttributesEx c:\Users\ARCHANA PATEL\Desktop\doc clustering new 5\dataconnect: The system cannot find the file specified.
E0428 23:16:52.914463   74724 watch.go:40] Failed to load config from "c:\\Users\\ARCHANA PATEL\\Desktop\\doc clustering new 5\\dataconnect": could not find dataconnect.yaml in `c:\Users\ARCHANA PATEL\Desktop\doc clustering new 5\dataconnect`
 {"metadata":{"emulator":{"name":"dataconnect"},"message":"E0428 23:16:52.914463   74724 watch.go:116] watchAllDir unable to walk dir `c:\\Users\\ARCHANA PATEL\\Desktop\\doc clustering new 5\\dataconnect`: GetFileAttributesEx c:\\Users\\ARCHANA PATEL\\Desktop\\doc clustering new 5\\dataconnect: The system cannot find the file specified.\nE0428 23:16:52.914463   74724 watch.go:40] Failed to load config from \"c:\\\\Users\\\\ARCHANA PATEL\\\\Desktop\\\\doc clustering new 5\\\\dataconnect\": could not find dataconnect.yaml in `c:\\Users\\ARCHANA PATEL\\Desktop\\doc clustering new 5\\dataconnect`\n"}}
[debug] [2026-04-28T17:47:02.914Z] E0428 23:17:02.914174   74724 watch.go:40] Failed to load config from "c:\\Users\\ARCHANA PATEL\\Desktop\\doc clustering new 5\\dataconnect": could not find dataconnect.yaml in `c:\Users\ARCHANA PATEL\Desktop\doc clustering new 5\dataconnect`
 {"metadata":{"emulator":{"name":"dataconnect"},"message":"E0428 23:17:02.914174   74724 watch.go:40] Failed to load config from \"c:\\\\Users\\\\ARCHANA PATEL\\\\Desktop\\\\doc clustering new 5\\\\dataconnect\": could not find dataconnect.yaml in `c:\\Users\\ARCHANA PATEL\\Desktop\\doc clustering new 5\\dataconnect`\n"}}
[debug] [2026-04-28T17:47:12.914Z] E0428 23:17:12.914443   74724 watch.go:40] Failed to load config from "c:\\Users\\ARCHANA PATEL\\Desktop\\doc clustering new 5\\dataconnect": could not find dataconnect.yaml in `c:\Users\ARCHANA PATEL\Desktop\doc clustering new 5\dataconnect`
 {"metadata":{"emulator":{"name":"dataconnect"},"message":"E0428 23:17:12.914443   74724 watch.go:40] Failed to load config from \"c:\\\\Users\\\\ARCHANA PATEL\\\\Desktop\\\\doc clustering new 5\\\\dataconnect\": could not find dataconnect.yaml in `c:\\Users\\ARCHANA PATEL\\Desktop\\doc clustering new 5\\dataconnect`\n"}}
[debug] [2026-04-28T17:47:22.914Z] E0428 23:17:22.914583   74724 watch.go:40] Failed to load config from "c:\\Users\\ARCHANA PATEL\\Desktop\\doc clustering new 5\\dataconnect": could not find dataconnect.yaml in `c:\Users\ARCHANA PATEL\Desktop\doc clustering new 5\dataconnect`
 {"metadata":{"emulator":{"name":"dataconnect"},"message":"E0428 23:17:22.914583   74724 watch.go:40] Failed to load config from \"c:\\\\Users\\\\ARCHANA PATEL\\\\Desktop\\\\doc clustering new 5\\\\dataconnect\": could not find dataconnect.yaml in `c:\\Users\\ARCHANA PATEL\\Desktop\\doc clustering new 5\\dataconnect`\n"}}
[debug] [2026-04-28T17:47:32.914Z] E0428 23:17:32.914499   74724 watch.go:40] Failed to load config from "c:\\Users\\ARCHANA PATEL\\Desktop\\doc clustering new 5\\dataconnect": could not find dataconnect.yaml in `c:\Users\ARCHANA PATEL\Desktop\doc clustering new 5\dataconnect`
 {"metadata":{"emulator":{"name":"dataconnect"},"message":"E0428 23:17:32.914499   74724 watch.go:40] Failed to load config from \"c:\\\\Users\\\\ARCHANA PATEL\\\\Desktop\\\\doc clustering new 5\\\\dataconnect\": could not find dataconnect.yaml in `c:\\Users\\ARCHANA PATEL\\Desktop\\doc clustering new 5\\dataconnect`\n"}}
[debug] [2026-04-28T17:47:42.914Z] E0428 23:17:42.914320   74724 watch.go:40] Failed to load config from "c:\\Users\\ARCHANA PATEL\\Desktop\\doc clustering new 5\\dataconnect": could not find dataconnect.yaml in `c:\Users\ARCHANA PATEL\Desktop\doc clustering new 5\dataconnect`
 {"metadata":{"emulator":{"name":"dataconnect"},"message":"E0428 23:17:42.914320   74724 watch.go:40] Failed to load config from \"c:\\\\Users\\\\ARCHANA PATEL\\\\Desktop\\\\doc clustering new 5\\\\dataconnect\": could not find dataconnect.yaml in `c:\\Users\\ARCHANA PATEL\\Desktop\\doc clustering new 5\\dataconnect`\n"}}
